zmingcx.com,0
www.manpinlife.com,0
www.zamx.net,0
www.51donews.com,0
www.vmeti.com,0
www.moonou.com,0
abroad.qq.com,0
www.qojob.com,0
www.xygxajj.com,0
love.taobao.com,0
www.lanhui.com,0
www.jdxs.me,0
www.pinnv.com,0
www.meibei.com,0
www.haoduojie.com,0
guoku.com,0
www.tbtmc.com,0
www.rubber-data.com,0
www.jx.cn,0
www.gzweix.com,0
www.ping18.com,0
www.gzhifi.com,0
www.sinoaec.com,0
www.ahzer.com,0
www.jiaboojc.com,0
www.sunbala.cn,0
www.010688.com,0
www.hi138.com,0
www.xunyidai.com,0
www.huangjin.biz,0
mil.xinhuanet.com,0
www.cndtr.com,0
www.jxcbax.com,0
www.013k.com,0
www.babyhome.com.tw,0
www.hahachild.com,0
www.suobao8.com,0
www.xxyart.com,0
www.auto-a.hc360.com,0
www.qichezu.com,0
www.010auto.net,0
www.bayuche.com,0
www.baipaopao.com,0
www.opda.com.cn,0
beauty.jinti.com,0
www.vsuch.cn,0
www.7706.com,0
www.10iu.com,0
www.58lady.com,0
www.anhuiqq.cn,0
www.she-live.com,0
www.gov.cn,0
www.chinacourt.org,0
www.nvshang.cn,0
www.fenyu.cn,0
www.cpbcw.com,0
www.0594123.com,0
www.qleez.com,0
www.bamudi.com,0
www.cjr360.com,0
www.7ta.cn,0
www.youlin.com,0
www.8gl.com,0
www.alizhizhu.com,0
www.wu8.org,0
www.cg5688.com,0
www.gukuu.com,0
www.xionglai.com,0
www.4inlook.com,0
www.net-shop.cn,0
www.mishang.com,0
www.7415.com,0
www.live754.com,0
www.onetad.com,0
www.ulink.cc,0
www.200.net,0
www.jinshu168.com,0
www.idcw.com,0
www.xdf120.com,0
www.linkcool.cn,0
union.soua.com,0
www.010shangpu.com,0
www.sbbrsy.cn,0
www.tuigoo.com,0
www.caicaitv.com,0
www.yyugame.com,0
www.eeju.com,0
www.wyunion.com,0
www.qiao9.com,0
www.51fit.com,0
www.jobfn.com,0
www.maomidao.com,0
www.tuapk.com,0
www.gogolm.com,0
www.ccihr.com,0
www.oadz.com,0
www.cg365.com,0
www.tea119.com,0
www.xuanyang.cc,0
www.wmpic.me,0
www.439pk.com,0
www.sharele.cn,0
history.ifeng.com,0
www.blju.com,0
www.giftsunday.com,0
www.zph.com.cn,0
www.bijianet.com,0
www.hep6.com,0
www.rczmt.com,0
www.hwanw.com,0
www.580k.com,0
www.wokende.com,0
www.jk33.cn,0
www.fenhong123.com,0
www.bencaobai.com,0
www.17ce.com,0
www.net.cn,0
www.cguwan.com,0
www.4930.com,0
www.56zb.com,0
www.code-design.cn,0
www.yaobaimao.com,0
www.360dseo.com,0
www.myf.cc,0
www.tenddata.com,0
www.osa.com.cn,0
www.dabianji.com,0
www.xinxing91.com,0
www.web887.com,0
www.game3737.com,0
www.52059920.com,0
anime.xunlei.com,0
www.fanfan.com,0
www.birthhealth.com,0
www.wansxd.com,0
www.18art.com,0
caipiao.taobao.com,0
www.headin.cn,0
www.628.com,0
www.meinv.cn,0
www.lifezone.cn,0
www.nrshe.com,0
www.tejianet.com,0
www.cpyj.com.cn,0
www.360baogao.com,0
www.dedecms8.com,0
www.v2003.com,0
www.h863.com,0
51gugu.com,0
www.lccmw.com,0
www.d4000.com,0
www.5likes.com,0
e1288.com,0
www.idcc.cn,0
www.3dzm.cn,0
www.efwang.com,0
health.qianlong.com,0
www.yy365.com,0
www.okcp.cn,0
www.208du.com,0
www.sanqinche.com,0
www.gzh6.com,1
ishine.me,1
www.songliang.net,1
tumutanzi.com,1
www.dig24.cn,1
www.jandou.com,1
www.w3ctech.com,1
www.xuzhiwu.com,1
www.repink.net,1
www.tmtforum.com,1
www.boneboat.com,1
www.lesishu.com,1
www.kekaku.com,1
www.xiaoos.com,1
www.edpass.org,1
www.6665.com,1
www.022s.com,1
www.shanghaidz.com,1
www.aisojie.com,1
www.jiyuanren.com,1
www.kugz.net,1
www.ljxxw.cc,1
www.s0530.com,1
www.henanci.com,1
www.21yq.com,1
www.yn0870.com,1
www.jxuu.cn,1
www.dayou123.com,1
www.hr33.com,1
www.yiwu.com.cn,1
www.jztv.com.cn,1
www.cqhot.cn,1
www.232100.cn,1
www.qingzhoubbs.cn,1
www.xiangw.com,1
www.05188.com,1
www.jifang360.com,1
www.dnwx.com,1
www.9myshop.com,1
wjdiy.com,1
www.microduo.tw,1
www.nmglabs.com,1
share.job9151.com,1
www.ynchuying.org,1
www.zhizhizhi.com,1
www.emai.com,1
www.meituxiang.com,1
www.balupu.com,1
www.gunxueqiu.com,1
www.xiayijian.com,1
www.guoguojie.com,1
www.nuandao.com,1
www.pcpp.com.cn,1
www.xianbey.com,1
www.baimei.com,1
aijiake.com,1
www.xinxian.com,1
www.legoujie.cn,1
www.peifoo.com,1
www.igou.com,1
www.chem17.com,1
www.quantasylum.com.cn,1
www.cmol.com,1
www.hnshangwu.com,1
www.shsfm.com,1
bbs.cmol.com,1
www.devdiv.com,1
www.cppblog.com,1
www.appcuz.com,1
www.itokit.com,1
www.hea.cn,1
www.iryco.cn,1
www.asia-home.com.cn,1
www.yj518.com,1
www.jdwx029.com,1
www.5hoom.com,1
www.dazhuangwang.com,1
www.hm-3223.net,1
www.mmall.com,1
www.ymtie.com,1
www.jiatuhui.com,1
www.duobei.com,1
www.dijiuke.com,1
www.youyixue.com,1
www.fjzsksw.com,1
www.bole.com,1
www.wangxiaowang.com,1
www.jinda.tv,1
www.54share.com,1
www.ymzz.net,1
www.51zuoti.com,1
www.caijingz.com,1
www.gupiao8.com,1
www.fxark.com,1
www.365huangjin.com,1
www.jxjrw.com,1
www.40.com.cn,1
www.suixinlife.com,1
www.twon2004.com,1
www.sem9.com,1
www.anpig.com,1
www.huanqiuguancha.com,1
www.wowoj.com,1
www.61kids.com.cn,1
www.pkuxue.com,1
www.myechinese.com,1
xuehai.cn,1
www.huadian360.com,1
www.clgfw.com,1
cn.gasgoo.com,1
www.aojauto.com,1
www.dizo.com.cn,1
www.huanqiuauto.com,1
hyqcw.com,1
www.uncars.com.cn,1
www.huamanche.com,1
www.chevip.com.cn,1
www.chekb.com,1
www.ooppc.com,1
www.guocar.com,1
www.jlcar.net,1
www.yicheshi.com,1
www.3quan.com,1
www.zhaojiaxiao.com,1
www.youxinpai.com,1
www.ncqiche.com,1
www.0571car.com,1
auto.jinti.com,1
www.sdcheshi.com,1
www.nikicn.com,1
www.citymotors.com.cn,1
www.kuchechina.com,1
www.hzjiaxiao.com,1
www.7069.com,1
www.huiapp.com,1
www.umeng.com,1
www.molegu.com,1
code4app.com,1
www.weixinju.com,1
www.wpdang.com,1
www.18show.cn,1
www.smartshe.com,1
www.hi-chic.com,1
www.hers.cn,1
www.365sz.com.cn,1
www.uxiu.com,1
www.qianjiao.cn,1
www.hufu.com,1
www.9show.com,1
www.menwww.com,1
www.17try.cn,1
www.ladyband.com,1
www.nanrenshang.com,1
www.18fzl.com,1
www.3993.com,1
www.yyjxkj.com,1
www.jieday.com,1
www.cnta.com,1
www.goodzhen.com,1
www.xizhi.com,1
www.yujiabbs.com,1
www.ugou.cn,1
www.miaozhen.com,1
www.zheing.com,1
www.comicer.com,1
www.tjq.com,1
www.eptrc.com,1
www.0594666.com,1
www.mingechina.com,1
www.i-egirl.com,1
www.yyq.cn,1
jia400.com,1
www.ename.net,1
www.zhoubianyou.com,1
www.upyun.com,1
www.auyou.cn,1
www.happyux.com,1
www.cnzhanzhang.com,1
www.88hdy.com,1
www.yiqicms.com,1
www.zeshiwang.com,1
www.oxunnet.com,1
www.bestvilla.com.cn,1
www.unionli.com,1
40t.cn,1
www.8tian.com,1
www.34514.cn,1
www.youduo.com,1
max.book118.com,1
news.680.com,1
www.zycao.com,1
www.tunong.cn,1
www.mediav.com,1
www.shuobao.com,1
www.zls365.com,1
www.xiakeyou.cn,1
sifei.org,1
www.bidhome.com.cn,1
www.hospital2.com,1
www.keede.com.cn,1
www.myrice.com,1
www.meiribuy.com,1
www.my1930.com,1
astro.sohu.com,1
www.chinaname.cn,1
0411dyw.com,1
www.51zupu.com,1
www.taobaocdn.com,1
www.360buyoa.com,1
www.satinns.com,1
www.faqiren.com,1
www.is686.com,1
www.tofun.cn,1
www.ugooo.cc,1
www.yooban.cn,1
mecare.cn,1
www.artsbuy.com,1
www.ce9.com,1
www.joyi365.com,1
www.lingximedia.com,1
www.cuckooo.com,1
www.wooshoes.com,1
www.siweiw.com,1
www.haodir.net,1
www.star8.net,1
www.seobbs.net,1
www.adsue.com,1
www.9456.com,1
www.haodengwang.com,1
www.zxiu.com,1
www.solarf.net,1
www.42qu.com,1
www.263h.com,1
www.yyzhaoche.com,1
www.hany.cn,1
www.easydong.com,1
www.gkoo.net,1
www.114jc.com,1
www.55shuwu.com,1
www.jkyc.com,1
www.soufang998.com,1
www.mai0.net,1
www.3366.cn,1
www.cpm360.com,1
www.godele.com,1
www.soshaw.com,1
www.jjcmw.cn,1
www.tex68.com,1
www.uutuu.com,1
www.cfu2008.com,1
www.baihangcn.com,1
www.hackp.com,1
www.fsjgw.com,1
www.gsysp.com,1
www.juyouxi.com,1
www.b56.net,1
www.ourxun.com,1
www.bjbaoer.com,1
www.taskcity.com,1
www.2jm.com,1
www.go2000.cn,1
www.yuewe.cn,1
www.nanbeiyou.com,1
liboseo.com,1
www.woso.cn,1
www.gifang.com,1
angelcrunch.com,1
www.mbanw.com,1
www.5jjdw.com,1
www.xiujue.cc,1
www.gjj.cc,1
www.ijijie.com,1
www.777ya.com,1
www.emshost.com,1
www.100jg.com,1
www.tcm361.com,1
www.lvxiaobao.com,1
www.35metal.com,1
playbaise.com,1
www.doumenqu.com,1
www.qiyou.com,1
health.huanqiu.com,1
www.iztwp.com,1
www.mycm.com.cn,1
www.ourseo.net,1
www.517dv.com,1
www.manyart.com,1
ezu88.com,1
www.liyunde.com,1
www.qihaoming.com.cn,1
www.zgzzj168.com,1
www.educr.com,1
www.zyj.com,1
www.whbear.com,1
www.xtata.com,1
www.monteamor.com,1
www.ratuo.com,1
www.youngd.cn,1
www.etradenow.cn,1
www.08cms.com,1
alphatown.com,1
www.kzmsn.com,1
www.xixi.cn,1
www.68716871.com,1
www.114so.cn,1
www.jobkoo.com,1
www.dapingtai.cn,1
www.7you.cc,1
www.chinaqfc.com,1
www.b2b114.com,1
www.holoda.com,1
www.cailang.com,1
www.yesshou.com,1
www.rrdiaoyu.com,1
www.jianjiande.com,1
www.happymama.cn,1
www.cniac.net,1
www.qianggen.com,1
www.heimaba.com,1
www.chuangyetv.com,1
www.mai126.com,1
www.hn73.com,1
www.efpp.com.cn,1
www.egooad.com,1
www.zgyspp.com,1
www.19buy.cn,1
www.jimuyou.com,1
duoshuo.com,1
www.boying360.com,1
www.4242.com,1
www.etong.com,1
www.1155.com,1
www.qq.net,1
www.artgoin.com,1
www.cxorg.com,1
www.yxad.com,1
www.soobb.com,1
www.comseoer.com,1
photo.qq.com,1
www.topfo.com,1
www.jqueryba.com,1
www.minyue123.com,1
www.7yin.com,1
www.testin.cn,1
www.globevisa.com.cn,1
www.goootech.com,1
www.ttuu.com,1
www.admin6.com,1
www.ejee.com,1
www.jnam.org,1
www.aiwaimai.com,1
www.sdshoucang.com,1
www.allyes.cn,1
www.qu97.com,1
www.sachikoeyes.com,1
www.unpcn.com,1
www.babybus.cn,1
www.84ju.com,1
www.52myz.com.cn,1
www.baozipu.com,1
www.01zph.com,1
www.86909.com,1
www.70e.com,1
www.ffs886.com,1
www.tuan1024.com,1
cn.88db.com,1
www.rc0771.com,1
www.ningzhe.net,1
www.lyzx.net,1
www.homr.cn,1
www.11bao.com,1
www.pmcaff.com,1
www.jxdcw.com,1
www.51qe.cn,1
www.izy.cn,1
www.gdpe.cn,1
www.9r.cn,1
www.btun.net,1
www.realypay.com,1
www.ylsky.net,1
www.wpyou.com,1
www.jsfxw.com,1
www.modeko.cn,1
www.xz325.com,1
www.friends8.com,1
www.dircms.cn,1
www.51mole.com,1
www.51yugou.com,1
www.yodak.net,1
www.hotsales.net,1
www.popwan.com,1
www.baobaopu.cn,1
www.ujian.cc,1
www.weiyi.com,1
www.naqigs.com,1
www.cf668.com,1
www.summall.com,1
www.pet000.com,1
www.qiyu.net,1
www.yunledg.com,1
www.renrenwei.com,1
www.9v.cn,1
www.yiduqiang.com,1
www.guluyu.com,1
www.cnspeed.com,1
www.mha.cn,1
www.yxmf.org,1
www.yixingart.com,1
www.aijizhang.net,1
www.zhouwu.com,1
www.keaku.com,1
www.freegames.com.cn,1
www.9dcpm.com,1
www.5u588.com,1
www.pochezu.com,1
www.kuqi.com,1
www.onlyts.cn,1
www.takely.com,1
www.ad1111.com,1
www.redidai.com,1
www.100fenlm.cn,1
www.lijigou.com,1
www.tuite8.com,1
www.xiangqu.com,1
www.365webcall.com,1
www.askyaya.com,1
www.anquanbao.com,1
www.coolzou.com,1
www.9223.com,1
www.dajiubao.com,1
www.beyebe.com,1
china.ibuonline.com,1
www.159game.com,1
www.juwai.com,1
www.jinmi.com,1
www.tuidian.net,1
www.xjtu.sd.cn,1
www.7mt.cn,1
www.wumii.com,1
www.600duan.com,1
www.4999.net,1
www.ladynest.com,1
www.rqbydtx.com,1
www.dongguangren.com,1
www.globalcho.com,1
www.nop.cn,1
www.51taolie.com,1
www.yyfc.com,1
www.zdomo.com,1
www.yocity.cn,1
www.hqcyw.cn,1
www.yts88.com,1
www.jiaoya.com,1
www.damaijie.com,1
www.dailuren.com,1
www.artspy.cn,1
www.ladymax.cn,1
www.weyup.com,1
new.sdo.com,1
www.isouxun.com,1
www.woyouqiu.com,1
towebapp.com,1
www.wjkoo.com,1
www.jinwankansha.com,1
www.okfumu.com,1
www.xntv.tv,1
www.game773.com,1
www.xplus.com.cn,1
www.edurc.cn,1
www.bj-fyd.com,1
www.qiwei.com,1
www.88tang.com,1
www.ete.cn,1
www.hoolay.cn,1
www.7b.cn,1
www.ctiforum.com,1
www.hr025.com,1
www.reyoo.net,1
www.51seer.com,1
www.100ye.com,1
www.tuye.com,1
www.boletuan.com,1
www.poopur.com,1
www.htscw.com,1
www.xaciai.com,1
www.cnxad.com,1
www.blogcn.com,2
www.solidot.org,2
www.zhuaxia.com,2
www.tech2ipo.com,2
www.zuitech.com,2
www.iheima.com,2
www.uicss.cn,2
qgblog.people.com.cn,2
sudasuta.com,2
www.fisherv.com,2
www.mihuwa.com,2
www.toodaylab.com,2
www.mr6.cc,2
blog.nosqlfan.com,2
www.duoxinqi.com,2
www.techwom.com,2
60designwebpick.com,2
www.fishcan.net,2
www.izz.cc,2
www.timetimetime.net,2
www.360yimin.com,2
www.yam.com,2
www.ezeem.com,2
www.cn0556.com,2
www.liecheng.com,2
www.xabbs.com,2
www.dllp.cn,2
www.jz.cc,2
www.cityy.com,2
www.i76999.com,2
www.gz162.com,2
sxshu.com,2
www.laiwunews.cn,2
www.jxhcw.com,2
www.gzyes.com,2
www.jhtong.net,2
8234567.com,2
www.yyshw.cn,2
www.nihaotw.com,2
www.0514.com,2
www.czzsw.com,2
www.58news.net,2
www.i027.com,2
www.dbqc.cn,2
www.19zu.com,2
www.xyanjia.com,2
www.jzgxlm.com,2
www.0523.cn,2
www.hqbpc.com,2
www.spn.com.cn,2
www.intozgc.com,2
www.52hardware.com,2
www.zhujiangroad.com,2
www.cbinews.com,2
www.oldcp.com,2
www.ixpub.net,2
www.hwit.net,2
bbs.alienfans.net,2
www.douya.cn,2
www.mamashai.com,2
www.scz-bbs.com,2
www.baixiangxiang.com,2
soxihuan.com,2
www.buykee.com,2
www.taotaosou.com,2
www.candy8.com,2
www.51dcw.com,2
www.chuandong.com,2
zyqc.cc,2
www.zz361.com,2
www.tybaba.com,2
www.shukongcn.com,2
www.doit.com.cn,2
www.myexception.cn,2
www.csai.cn,2
www.topoint.com.cn,2
www.itren.cn,2
www.abi.com.cn,2
www.80018.cn,2
www.wbuild.com.cn,2
www.haoliv.com,2
www.xintuan.com,2
www.anjiala.com,2
www.meilijia.com,2
www.xinwo.com,2
www.eee114.com,2
www.med139.com,2
www.mbatrip.com,2
edu.china.com.cn,2
www.szedu.net,2
goodacc.net,2
www.xue.net,2
www.xueeu.com,2
training.jinti.com,2
www.chuanke.com,2
www.ms315.com,2
www.wenkudaquan.com,2
www.61300.com,2
www.fenbi.com,2
www.netcoc.com,2
finance.chinanews.com,2
www.bwchinese.com,2
www.talkforex.com,2
www.nonobank.com,2
www.1nongjing.com,2
www.tttz.com,2
www.ttcf.com,2
www.huangpujs.cn,2
www.jingnei.net,2
www.suda123.com,2
www.youxihun.com,2
www.lidodo.com,2
www.qwqt.net,2
www.kangq.com,2
www.131uu.com,2
www.baby-kingdom.com,2
www.misslele.com,2
www.baby-edu.com,2
www.ifumu.com,2
www.chinabreed.com,2
www.logozhizuowang.com,2
www.sunplusedu.com,2
www.hiknow.com,2
www.auto1688.com.cn,2
www.car2100.com,2
www.tirechina.net,2
www.buycarcn.com,2
www.ucar.cn,2
www.ijia360.com,2
www.17car.com.cn,2
www.chewen.com,2
www.360qc.com,2
www.ahauto.com,2
www.gxqcw.com,2
www.wodingche.com,2
gai001.com,2
www.at160.com,2
www.05927.com,2
www.cheyisou.com,2
www.0519car.net,2
www.cscars.com.cn,2
www.qdcars.com,2
www.yeeauto.com,2
auto.chinanews.com,2
www.52car.net,2
www.5925car.com,2
www.cheping.com.cn,2
www.chewen.com/home,2
www.lyauto.com,2
www.tzqc.cn,2
www.avischina.com,2
wanche168.com,2
www.yongche.com,2
www.ccmedu.com,2
www.pvc123.com,2
ditanshijie.com.cn,2
www.goheee.com,2
www.mob51.com,2
www.crossmo.com,2
www.appcan.cn,2
www.gokuai.com,2
www.zhui.cn,2
www.ewtang.com,2
www.otapp.com,2
www.youapp.cn,2
bbs.waapk.com,2
www.ledaojia.com,2
chunyu.me,2
www.apps.cn,2
www.shouyou.com,2
www.vivame.cn,2
www.zhuamob.com,2
www.appledp.com,2
www.117go.com,2
www.jdol.com.cn,2
www.95559.com.cn,2
www.1238.com,2
www.vdolady.com,2
www.herschina.com,2
www.grazia.com.cn,2
yesee.qianlong.com,2
www.qqku.com,2
danhuaer.com,2
www.fglady.cn,2
www.ladyu.com,2
www.hairbobo.com,2
star.tom.com,2
www.yn012.cn,2
www.shehong.gov.cn,2
www.nntv.cn,2
www.gxorg.com,2
www.enkj.com,2
www.wto168.net,2
www.hcrt.cn,2
www.wtobag.com,2
www.ios.com.cn,2
www.qiutan.com,2
www.cn100.com,2
www.fzbbw.com,2
www.51240.com,2
t.cn,2
www.kuke.com,2
www.137365.com,2
tuan.27.cn,2
www.webluker.com,2
www.funxun.com,2
www.eccn.com,2
www.looyu.com,2
www.csoei.com,2
www.cmseasy.cn,2
www.nanrenwa.com,2
www.ssjzw.com,2
www.28ms.cn,2
www.3887.com,2
yao.tmall.com,2
www.jishigou.net,2
www.sellgreat.com,2
www.yescate.com,2
www.kmzyw.com.cn,2
www.ename.com,2
www.371.com,2
www.bingojob.cn,2
www.51pai.cc,2
www.china-train.net,2
www.autob.cn,2
www.bike.com.cn,2
www.qm69.com,2
www.tq.cn,2
www.16466.com,2
www.scwww.cn,2
bbs.joyrom.com,2
www.23sc.cn,2
www.7p.com.cn,2
www.411-hospital.com,2
www.chuangyejia.com,2
www.baihui.com,2
www.ttdown.com,2
www.88.com,2
www.clvyou.com,2
www.sososteel.com,2
www.winekee.com,2
www.coffeejp.com,2
www.adsame.com,2
www.e-to-china.com.cn,2
www.haotehui.com,2
www.fotosay.com,2
www.51uc.com,2
www.chinamining.com,2
www.xa999.com,2
www.tradesns.com,2
jisu.co,2
zz.comsenz.com,2
www.solarbe.com,2
www.linktech.cn/home,2
www.cteaw.com,2
www.ymall.com,2
tuan.ganji.com,2
www.job110.cn,2
www.5pao.com,2
www.zoomla.cn,2
www.meethere.cn,2
www.ogage.cn,2
www.cnutg.com,2
history.news.qq.com,2
www.inshion.com,2
www.weste.net,2
www.xuepinw.com,2
www.54zz.com,2
www.bianzhiabc.com,2
www.jcbmt.com,2
www.kypbuy.com,2
www.itavcn.com,2
www.itdcw.com,2
www.gsdpw.com,2
www.evtimes.cn,2
www.wldbs.com,2
www.mygeek.cn,2
www.51589.com,2
www.daisha.com.cn,2
www.91cha.com,2
bm.haobangni.com,2
www.qiuziti.com,2
www.801.cn,2
www.lvchengba.com,2
www.jiasule.com,2
www.boilerinfo.net,2
www.destoon.com,2
www.wu123.com,2
www.edong.com,2
www.tiao.com,2
www.2m3m.com,2
www.800400.net,2
www.vckbase.com,2
www.kupan.cc,2
www.797yy.com,2
www.nzsspp.com,2
www.zp-nmg.com,2
www.beijing.com.cn,2
www.xinniangjie.com,2
www.gxcms.com,2
www.mytv365.com,2
www.aliresearch.com,2
www.thinksns.com,2
l.sina.com.cn,2
www.5maoz.com,2
www.1188.com,2
www.fengche.com,2
www.winenice.com,2
www.yizhedian.com,2
www.gaojie.com,2
www.lskong.com,2
www.diaochapai.com,2
www.qghua.com,2
www.shendu.cc,2
www.wotaoka.com,2
www.265tv.com,2
www.iidns.com,2
www.313.com,2
www.9see.com,2
www.sc001.com.cn,2
www.texhr.cn,2
www.happy88.com,2
www.bawuwang.com,2
www.anliguan.com,2
www.wotuan.com,2
www.ads8.com,2
www.zdzdm.com,2
www.zunmi.com,2
www.newzgc.com,2
www.tooogooo.com,2
www.cmstop.com,2
www.pintuan.com,2
www.htjz.com,2
www.hezon.com,2
www.airnews.cn,2
www.litangpr.com,2
www.anychem.com,2
www.999mywine.com,2
www.wolai.com,2
www.1j1home.com,2
www.biz178.com,2
www.cnlai.com,2
www.yukuai.com,2
www.51php.com,2
www.downcc.com,2
fgt120.com,2
www.emushroom.net,2
www.okhqb.com,2
dg.fzg360.com,2
www.maxtv.cn,2
www.upsex.cn,2
www.lgo100.com,2
www.cobuy.net,2
www.tnice.com,2
www.foooooot.com,2
www.cangcn.com,2
www.xigou100.com,2
www.dunsh.org,2
www.sifangtuan.com,2
www.guoli.com,2
www.duoduo123.com,2
www.cnbaowen.net,2
www.xcoodir.com,2
www.ok183.com,2
www.wlkst.com,2
www.sjfzxm.com,2
www.74cms.com,2
www.sxdn.com.cn,2
www.pmxsd.com,2
www.ezagoo.com,2
www.souduanzu.com,2
www.feedsky.com,2
www.jianzhi8.com,2
www.idc123.com,2
www.zuipin.cn,2
www.live800.com,2
www.qic.com.cn,2
www.65fun.com,2
www.bjfsdex.com,2
www.klhpw.com,2
www.sudupower.net,2
www.qiuxian.com,2
www.cfsbcn.com,2
www.qc101.com,2
www.36.cn,2
www.yidianda.com,2
www.itocp.com,2
www.bookall.cn,2
www.iimedia.cn,2
www.dgairport.cn,2
www.sinoaqr.com,2
www.bluehost.com.cn,2
www.br8.com,2
www.800hr.com,2
sports.ynet.com,2
www.yipu.com.cn,2
www.yccar.com,2
www.csto.com,2
www.chinawebanalytics.cn,2
www.kmsocial.cn,2
www.chinalaobao.com,2
www.jiankongbao.com,2
www.shphome.com,2
www.sh1122.com,2
www.51youcai.com,2
www.gfwz100.com,2
www.ddfchina.com,2
www.huangshanzjy.com,2
www.byywee.com,2
www.jkbaby.cn,2
www.chinanetcenter.com,2
www.china35.com,2
bbs.lzu.edu.cn,2
www.gstv.com.cn,2
www.shishijia.com,2
www.tujia.com,2
www.5ijk.net,2
www.21dianyuan.com,2
www.022v.com,2
www.puresky.org,2
www.rutisher.com,2
www.3618med.com,2
www.linktech.cn,2
www.bamaol.com,2
www.nnleju.com,2
www.xunbiz.com,2
www.u966.com,2
www.6949.com,2
www.5zrc.com,2
www.56885.net,2
www.baozang.com,2
www.tc108.com,2
www.yksuit.com,2
www.sobnb.com,2
www.siilu.com,2
www.comsz.com,2
www.right.com.cn,2
www.hake.cc,2
www.3145.com,2
www.paimi.com,2
www.kk18.com,2
www.jz265.com,2
www.d1com.com,2
www.idiaoyan.com,2
www.1122.com,2
www.myubbs.com,2
www.tetimes.com,2
www.easy361.com,2
www.chinahightech.com,2
www.1718china.com,2
www.fanli.com,2
www.17ya.com,2
www.51.am,2
www.eomarket.com,2
sz.114zhaofang.com,2
www.comingchina.com,2
www.hvac8.com,2
www.bengbeng.com,2
www.cang.com,2
www.chinaccnet.com,2
www.baileys.com.cn,2
www.yyarea.com,2
gamerboom.com,2
www.hostelcn.com,2
www.7794.com,2
www.kuwan8.com,2
www.artx.cn,2
www.seazor.com,2
www.12349.net,2
www.xingmai.com,2
www.6296.com.cn,2
www.huway.com,2
www.sc4888.com,2
www.chaoji.com,2
www.pinla.com,2
www.yyosso.com,2
www.tickets.com.cn,2
songguo.com,2
www.diaochatong.com,2
www.vipabc.com,2
www.51testing.net,2
www.zs91.com,2
www.unionsky.cn,2
www.faxianla.com,2
yaofangwang.com,2
www.wanye68.com,2
www.tita.com,2
www.thinkworld.com.cn,2
www.cstnet.cn,2
kdweibo.com,2
www.mengcheng.com.cn,2
www.21hifi.com,2
www.lvshou.com,2
www.hunhuasuan.com,2
www.zuitu.com,2
discussdns.com,2
www.huajia.cc,2
www.huishangbao.com,2
www.0318ol.com,2
www.eventown.com.cn,2
www.ys137.com,2
www.7soyo.com,2
www.juzimi.com,2
qqn1.com,2
www.maidou.cn,2
www.wbto.cn,2
appdp.com,2
www.itchaguan.com,2
www.funfungolf.com,2
www.51you.com,2
www.addpv.com,2
www.wanxia.com,2
www.baiqiso.com,2
www.zzchn.com,2
www.qydsj.com,2
www.utan.com,2
chanyouji.com,2
www.dajiashuo.com,2
www.ips.com,2
www.yaodian100.com,2
food.cntv.cn,2
www.networkbench.com,2
www.dianru.com,2
www.d7ol.com,2
www.linuxprobe.com,2
www.takefoto.cn,2
www.w3cfuns.com,2
www.yeex.cn,2
www.tiaohao.com,2
www.healthoo.com,2
www.xirang.com,2
www.goldenholiday.com,2
www.51web.com,2
www.12580.tv,2
www.yourcollect.net,2
yiyao.gtobal.com,2
www.360shop.com.cn,2
www.yumi.com,2
www.51letuan.com,2
www.1166.com,2
www.d1net.com,2
www.duk.cn,2
www.hao360.cn,2
www.jue.so,2
www.xjzp.net,2
www.vodjk.com,2
www.yixieshi.com,3
cdc.tencent.com,3
www.web20share.com,3
www.ruanyifeng.com,3
www.zrblog.net,3
blog.jobbole.com,3
www.aqee.net,3
www.bokerb.com,3
5diary.com,3
www.ganzhouw.com,3
www.qzbbs.com,3
www.newoo.com,3
www.datang5.com,3
www.169ol.com,3
www.shoudurx.com,3
www.hushi114.com,3
www.wuhubbs.com.cn,3
www.qilindao.com,3
www.lz6.com,3
www.zaixs.com,3
www.chenghai.cc,3
www.jfrcq.com,3
www.expreview.com,3
www.8080.net,3
it224.com,3
www.45it.com,3
www.mei.net.cn,3
www.caam.org.cn,3
www.guangjiela.com,3
www.tuolar.com,3
www.checkoo.com,3
www.daogoutong.cn,3
www.free789.com,3
www.jdzj.com,3
www.app17.com,3
www.yxx.cn,3
www.zhanhelp.com,3
coolshell.cn,3
www.programmer.com.cn,3
www.bnjw.com,3
www.ju51.com,3
www.0731jiaju.com.cn,3
www.e-jjj.com,3
www.cfhot.com,3
mall.jia.com,3
www.ablesky.com,3
www.edu5a.com,3
www.huadoo.com,3
www.cceschool.com,3
www.cxzw.com,3
www.ccppaa.com,3
www.hteacher.net,3
www.aastocks.com,3
www.17ok.com,3
www.cnforex.com,3
www.wabei.cn,3
www.ibtimes.com.cn,3
www.financialnews.com.cn,3
mil.qianlong.com,3
www.thjunshi.com,3
www.8lw.org,3
www.qichelian.com,3
bbs.paoniu.net,3
club.680.com,3
www.zzuren.net,3
www.xinjiangnet.com.cn,3
www.p.cn,3
www.02156.cn,3
www.blanca.com.cn,3
www.demohour.com,3
www.iaozu.com,3
www.xy280.com,3
www.fumu.com,3
www.littleducks.cn,3
www.lvhezi.com,3
www.yumi.com.cn,3
www.ixumu.com,3
www.lampbrother.net,3
www.ibeifeng.com,3
www.zf3d.com,3
www.cleanyourcar.cn,3
www.0755car.com,3
www.chezhilv.cn,3
www.goodcar.cn,3
www.szcw.cn,3
www.gz-car.com,3
www.gtuu.com,3
www.jxw.com.cn,3
www.banma.com,3
www.evolife.cn,3
www.ipadown.com,3
mobile.pchome.net,3
www.applm.com,3
www.114ic.com,3
www.chinaunionpay.com,3
www.51netu.com,3
ent.ynet.com,3
www.neeu.com,3
www.p1.cn,3
www.yokamen.cn,3
www.luce.com.cn,3
lady.tom.com,3
www.laonanren.com,3
www.lifeyoyo.com,3
ent.qianlong.com,3
www.popovivi.com,3
www.cnnic.cn,3
www.youbibi.com,3
www.feiren.com,3
www.crucco.com,3
www.weiboyi.com,3
www.4.cn,3
www.phpwind.com,3
www.364000.com,3
www.haiguinet.com,3
www.longruo.com,3
www.56156.com,3
www.mengmai.com,3
www.aqzpw.com,3
www.cafa.com.cn,3
www.adyun.com,3
www.qqdcw.com,3
www.wacai.com,3
www.tucao.cc,3
www.dedeadmin.com,3
www.fanwe.com,3
www.dnbbs.com,3
www.5iads.cn,3
www.idaocao.com,3
www.54kefu.net,3
www.bwxxw.com,3
www.jttv.net,3
www.indiacn.com,3
www.dnjsb.com,3
www.traveldaily.cn,3
www.xiaoyouxi.cn,3
www.yunsec.net,3
www.taikoyc.com,3
www.54traveler.com,3
www.menglu.com,3
www.gudumami.cn,3
www.91985.com,3
www.denghuo.com,3
www.800app.com,3
www.verydz.com,3
www.tkgame.com,3
www.brilliance-auto.com,3
www.7474.com,3
www.astronomy.com.cn,3
www.uutrip.net,3
www.ganchang.cn,3
www.ibuka.cn,3
www.cfp.cn,3
www.72e.net,3
www.4px.com,3
www.coatingol.com,3
www.xiaoi.com,3
www.528.com.cn,3
www.ea-china.com,3
www.shaojiu.com,3
www.yaojia.org,3
www.wenwuchina.com,3
www.nowscore.com,3
www.310tv.com,3
www.huishoushang.com,3
www.dehuaca.com,3
www.cguardian.com,3
www.jjlg.com.cn,3
www.i-520.net,3
www.langchao1.com,3
www.zznissan.com.cn,3
www.cctvdream.com.cn,3
www.jiameng.com,3
www.7999.com,3
www.byf.com,3
www.mouldsnet.cn,3
www.chinamendu.com,3
www.qx100.com,3
www.haodingdan.com,3
www.xzuan.com,3
www.95195.com,3
www.softhy.net,3
www.zhiwo.com,3
www.xijie.com,3
www.openv.com,3
www.langlang.cc,3
www.chanjet.com,3
www.zzy.cn,3
www.leadbbs.com,3
www.8791.com,3
www.tonlion.com,3
www.xitie.com,3
www.eoemarket.com,3
www.8comic.com,3
www.panguso.com,3
www.zhuwang.cc,3
www.lomowo.com,3
www.xiaodao360.com,3
www.yyge.com,3
www.aspcms.com,3
www.photofans.cn,3
www.hdcmr.com,3
v.huanqiu.com,3
www.tootoo.cn,3
www.qiaogu.com,3
www.tao3c.com,3
www.didamall.com,3
www.dianxin.cn,3
www.goalhi.com,3
www.thinkphp.cn,3
buy.caomeipai.com,3
www.hzjxj.com,3
www.w1.cn,3
www.machineryinfo.net,3
www.allyes.com,3
www.prnasia.com,3
www.chndesign.com,3
www.jinjiang.com,3
www.zhaoonline.com,3
www.sh91.com,3
www.bshare.cn,3
www.ushi.com,3
www.bieshu.com,3
www.herovip.com,3
www.cntxw.com,3
www.tfysw.com,3
www.sendong.com,3
www.sinoss.net,3
www.769car.com,3
www.ddvip.com,3
www.emeixian.com,3
www.aceona.com,3
www.emlog.net,3
www.chushan.com,3
hao.rising.cn,3
www.boqii.com,3
www.yiyiu.com,3
www.cnaaa.com,3
www.fawan.com,3
www.secoo.com,3
www.tjarts.edu.cn,3
www.80tian.com,3
www.guifun.com,3
www.xhsea.com,3
www.mydigi.net,3
www.qihaa.cn,3
www.tuilie.com,3
www.sdjnnews.com,3
www.95599.biz,3
www.winechina.com,3
www.chinapipe.net,3
www.tap.cn,3
www.xtx6.com,3
www.46.com,3
www.chinaticket.com,3
www.habctv.com,3
www.jxgxzk.com,3
www.kerryeas.com,3
www.xifuquan.com,3
www.nfpeople.com,3
www.52huaqiao.com,3
www.wj001.com,3
www.yltvb.com,3
www.s3s9.com,3
cn.toocle.com,3
sports.tudou.com,3
www.iresearch.com.cn,3
www.chinabaike.com,3
www.ethainan.com,3
www.sxxl.com,3
www.idcicp.com,3
www.szacc.com,3
www.57zhe.com,3
www.31v.cn,3
www.xyxy.net,3
www.zen-cart.cn,3
www.gao7.com,3
www.qqma.com,3
www.o571.com,3
www.bao.ac.cn,3
www.zfh.cn,3
www.game2.com.cn,3
www.anport-e.com,3
tuan.aibang.com,3
www.51aimei.com,3
suibianzhao.com,3
www.chinahtml.com,3
www.51yes.com,3
www.alivv.com,3
www.domain.cn,3
www.dmfans.net,3
www.manmanzou.com,3
www.51jb.com,3
www.abbottmama.com.cn,3
www.0755rc.com,3
www.sanbobo.cn,3
www.hongniang.com,3
beauty.gtobal.com,3
www.sitestar.cn,3
www.iclick.cn,3
www.ngmchina.com.cn,3
www.ziyou.com,3
www.uuyoyo.com,3
www.luoo.net,3
www.7651.com,3
www.pujia.com,3
www.111.com.cn,3
www.365h.com,3
www.woyao998.com,3
www.hwebook.cn,3
www.polypm.com.cn,3
www.yiqifa.com,3
www.d8wed.com,3
www.qingfanqie.com,3
www.gwyou.com,3
www.xiaozhu.com,3
www.gamesoft.com.cn,3
www.mypethome.com,3
www.liketuan.com,3
www.shuangtuan.com,3
www.114lm.com,3
www.haozhai.com,3
www.12ha.com,3
www.zizaike.com,3
www.wowan365.com,3
www.hxage.com,3
www.zhimei.com,3
www.k121.com,3
www.shufa.org,3
www.yuesha.com,3
www.sxsoft.com,3
www.cfmmc.com,3
www.mimimama.com,3
www.qy.com.cn,3
www.12345good.com,3
www.u1d1.com,3
www.toptour.cn,3
www.qibosoft.com,3
www.3531.com,3
www.155.com,3
www.roadqu.com,3
www.sanqindaily.com,3
www.iask.com,4
www.blogbus.com,4
www.fyfz.cn,4
www.alibuybuy.com,4
www.guao.hk,4
www.seozac.com,4
www.199it.com,4
www.ucdchina.com,4
www.appying.com,4
www.lanyue.com,4
www.showeb20.com,4
www.vikilife.com,4
www.lomoslife.com,4
apple4.us,4
www.eduwo.com,4
www.533.com,4
www.sharewithu.com,4
www.chuguo78.com,4
www.igo.cn,4
www.gter.net,4
www.cz001.com.cn,4
www.kdslife.com,4
www.wst.cn,4
www.0791quanquan.com,4
www.sdinfo.net,4
www.chengw.com,4
www.sdchina.com,4
www.hftogo.com,4
www.kunming.cn,4
www.hz66.com,4
www.512ms.com,4
www.citygf.com,4
www.wuhan.net.cn,4
www.livnj.com,4
www.0531.com,4
www.020.com,4
www.hepan.com,4
www.ihome99.com,4
www.hlj.net,4
www.hkwb.net,4
www.gusuwang.com,4
www.ttx.cn,4
www.0311.com.cn,4
www.52ch.net,4
www.bingchengwang.com,4
www.dqdaily.com,4
www.ly169.cn,4
www.16floor.com,4
www.cnbb.com.cn,4
www.269.net,4
www.xmpig.com,4
www.cnjxol.com,4
www.py168.com,4
365jilin.com,4
www.0595bbs.cn,4
www.jx09.com,4
www.gznet.com,4
www.0579.cn,4
www.0452e.com,4
www.gzdsw.com,4
www.scol.cn,4
www.dg163.cn,4
www.szmama.com,4
www.szrc.cn,4
www.hubei.com,4
www.139life.com,4
www.xuancheng.org,4
hb.sina.com.cn,4
www.gdmm.com,4
www.78fz.com,4
www.taizhou.com,4
www.tthonghuo.com,4
www.daomin.net,4
www.shaoxing.com.cn,4
www.huizhou.cn,4
www.yewn.cn,4
www.ijntv.cn,4
www.hzcnc.com,4
www.xamama.net,4
cd.91town.com,4
www.0735.com,4
www.fangyuan365.com,4
www.czfcw.com,4
www.cstong.net,4
www.my0832.com,4
www.njnews.cn,4
www.fqlook.cn,4
www.pingtandao.com,4
www.nmgrc.com,4
www.linyiren.com,4
www.hrbanlv.com,4
www.xinpg.com,4
www.lhjol.com,4
www.luanup.com,4
www.yycqc.com,4
bbs.4yang.com,4
www.z888.net,4
www.xinzheng.cc,4
www.inpai.com.cn,4
www.qiannao.com,4
www.ccw.com.cn,4
www.51nb.com,4
www.ciotimes.com,4
www.sosol.com.cn,4
www.myprice.com.cn,4
www.bitscn.com,4
www.chinafix.com.cn,4
www.rin9.com,4
www.dgtle.com,4
www.7do.net,4
www.21tx.com,4
www.bios.net.cn,4
www.ncdiy.com,4
www.89ws.com,4
www.xj71.com,4
www.guang.com,4
www.92dp.com,4
mall.360.cn,4
www.velo.com.cn,4
www.ikeepu.com,4
www.shikee.com,4
www.huihui.cn,4
www.feijiu.net,4
www.in-en.com,4
www.315.com.cn,4
www.battery.com.cn,4
www.ca800.com,4
www.antpedia.com,4
www.machine.com.cn,4
www.587766.com,4
www.wanguan.com,4
www.uggd.com,4
www.itpub.net,4
www.phpchina.com,4
www.vsharing.com,4
www.cocoachina.com,4
www.ctocio.com.cn,4
www.51testing.com,4
www.9ria.com,4
www.infoq.com,4
www.linuxidc.com,4
www.aspjzy.com,4
www.open-open.com,4
www.aa25.cn,4
www.linuxso.com,4
www.cheaa.com,4
www.jd-bbs.com,4
www.av199.com,4
www.nvc-lighting.com.cn,4
www.qskj.net,4
www.shejis.com,4
www.ccd.com.cn,4
deco.rayli.com.cn,4
www.72xuan.com,4
www.365azw.com,4
www.jia.com,4
www.shushi100.com,4
www.ciwong.com,4
edu.163.com,4
www.sooxue.com,4
www.chinaedu.com,4
open.sina.com.cn,4
www.chasedream.com,4
www.hongen.com,4
www.snedu.gov.cn,4
open.163.com,4
www.edu-edu.com.cn,4
bbs.kuakao.com,4
www.edu-hb.com,4
www.114study.com,4
www.hengqian.com,4
www.ahzsks.cn,4
www.howzhi.com,4
www.chinaedu.net,4
www.hhxx.com.cn,4
www.ms211.com,4
www.51lun-wen.cn,4
www.hozoo.com.cn,4
www.sdsgwy.com,4
www.exam76.com,4
www.teacheredu.cn,4
www.bkw.cn,4
finance.china.com.cn,4
www.cfi.net.cn,4
www.nbd.com.cn,4
www.eeo.com.cn,4
www.fx168.com,4
www.cctvcj.com,4
money.msn.com.cn,4
www.caixun.com,4
www.chinaventure.com.cn,4
www.jinku.com,4
www.kblcw.com,4
www.yzforex.com,4
www.feidee.com,4
finance.huanqiu.com,4
finance.eastday.com,4
www.zhicheng.com,4
www.godsignal.com,4
www.cnwnews.com,4
www.58188.com,4
www.jizhangla.com,4
www.xueqiu.com,4
www.9666.cn,4
www.xx007.cn,4
www.csc108.com,4
www.thcf168.com,4
www.gpcxw.com,4
cn.ibtimes.com,4
www.qianyan001.com,4
www.junshijia.com,4
www.xinjunshi.com,4
mil.qq.com,4
www.cankaoa.com,4
www.zhige.net,4
mil.eastday.com,4
www.milfuns.com,4
www.militaryy.cn,4
www.junshis.com,4
www.wyzxsx.com,4
www.phpwind.net,4
www.bjmama.com,4
www.zzbbs.com,4
www.tjmama.com,4
www.bianews.com,4
www.mosh.cn,4
www.lupaworld.com,4
www.6to23.com,4
www.aitxt.com,4
www.coolxap.com,4
bbs.lidroid.com,4
www.changan.biz,4
www.7mv.cn,4
www.hinet.net,4
www.5617.com,4
www.workercn.cn,4
www.cnad.com,4
www.jznews.com.cn,4
www.woshao.com,4
www.joyes.com,4
www.taizhou.com.cn,4
www.wzrb.com.cn,4
www.sogua.com,4
www.21cp.com,4
www.jjxw.cn,4
www.brandcn.com,4
www.roowei.com,4
ww.xitek.com,4
www.mrmhw.com,4
www.jguo.cn,4
www.starbaby.cn,4
www.duoduo.cn,4
www.hengchu.cn,4
www.ebama.net,4
www.bb06.com,4
www.chinababy365.com,4
www.123huaiyun.com,4
www.m6go.com,4
www.leyou.com.cn,4
www.qiaohu.com,4
www.cofeed.com,4
www.sooker.com,4
www.kehou.com,4
www.psychcn.com,4
www.px33.com,4
www.szstudy.cn,4
www.cnenn.cn,4
www.laoluo.com.cn,4
www.carcav.com,4
www.autofan.com.cn,4
www.zg2sc.cn,4
www.gocar.cn,4
www.yescar.cn,4
www.feelcars.com,4
www.51qc.com,4
www.zbcars.com,4
www.cnsuv.com,4
www.9che.com,4
www.cad.com.cn,4
www.wz2sc.com,4
www.zuzuche.com,4
www.auto18.com,4
www.soche8.com,4
www.0377auto.com,4
www.0769auto.com,4
www.100che.cn,4
www.chinabuses.com,4
www.jnesc.com,4
www.1775.cn,4
www.12365auto.com,4
www.hx-car.com,4
www.top1.cn,4
www.kepu.net.cn,4
www.ichemistry.cn,4
www.candou.com,4
www.3g37.com,4
www.coolapk.com,4
www.pp.cc,4
mobile.pcpop.com,4
www.iapps.im,4
www.eoeandroid.com,4
www.51sheyuan.com,4
jiepang.com,4
www.zhangxiu.com,4
www.ouku.com,4
www.189works.com,4
www.feiliu.com,4
www.tgfcer.com,4
www.shushao.com,4
www.anshouji.com,4
www.qdppc.com,4
www.shanzhaiji.cn,4
changba.com,4
www.sjvip.com,4
bb.sdo.com,4
www.miliao.com,4
www.onekeyrom.com,4
www.veryzhun.com,4
www.uucall.com,4
www.ishuaji.cn,4
www.immomo.com,4
www.7723.cn,4
www.htceshop.com,4
www.51greenorange.com,4
www.steelcn.com,4
www.eeworld.com.cn,4
www.alu.cn,4
www.ic5.cn,4
www.vobao.com,4
cn.unionpay.com,4
www.sinosig.com,4
www.doudou.com,4
www.shiwan.com,4
www.6dan.com,4
www.youwo.com,4
www.shumenol.com,4
www.e7wan.com,4
www.2hua.com,4
www.mina.com.cn,4
www.chinaluxus.com,4
www.vsuch.com,4
www.marieclairechina.com,4
www.gq.com.cn,4
www.sg.com.cn,4
www.ijie.com,4
www.bohelady.com,4
www.miss-no1.com,4
www.6m.com,4
www.pengpeng.com,4
www.pimei.com,4
www.yule.com.cn,4
www.junzimen.com,4
luxury.qq.com,4
enjoy.eastday.com,4
ent.china.com,4
www.i2ya.com,4
www.chinayes.com,4
www.kl688.com,4
www.5200tv.com,4
fashion.163.com,4
www.haha168.com,4
dig.chouti.com,4
www.eastlady.cn,4
ny1988.com,4
www.yangod.com,4
www.metroer.com,4
www.chinese-luxury.com,4
lengxiaohua.com,4
www.baoc.cn,4
www.choumei.cn,4
www.91feizhuliu.com,4
www.warpv5.com,4
www.5time.cn,4
www.126163.com.cn,4
www.miibeian.gov.cn,4
www.gapp.gov.cn,4
www.nsfc.gov.cn,4
www.zycg.gov.cn,4
www.ca315.com,4
www.ailaba.org,4
www.59.cn,4
www.zitian.cn,4
www.a9188.com,4
www.loveq.cn,4
www.xkb.com.cn,4
www.22shop.com,4
www.youhuiduo.net,4
www.66good.com,4
www.jiangmin.com,4
www.idting.com,4
www.itcast.cn,4
www.9588.com,4
tuan.vancl.com,4
www.aiaigame.com,4
www.xiaomi001.com,4
cn.china.cn,4
www.comsenz.com,4
www.aliyiyao.com,4
www.youxiake.com,4
www.beingmate.com,4
www.pintour.com,4
www.linezing.com,4
www.kesion.com,4
www.ctw.cn,4
www.pt597.com,4
www.ptfdc.com,4
www.shoes.net.cn,4
www.qzrc.com,4
www.ppzw.com,4
www.ghac.cn,4
www.bizcn.com,4
www.114.com.cn,4
www.0591job.com,4
www.dns.com.cn,4
www.aweb.com.cn,4
bai.sohu.com,4
www.mercedes-benz.com.cn,4
www.cqn.com.cn,4
www.diyicai.com,4
comic.ku6.com,4
mozilla.com.cn,4
www.aimer.com.cn,4
www.mychery.net,4
www.faw.com.cn,4
news.cnxianzai.com,4
www.newasp.cn,4
china.machine365.com,4
www.yes515.com,4
www.eb.com.cn,4
www.biomart.cn,4
www.nala.com.cn,4
www.tuanlego.com,4
www.huitu.com,4
www.sandaha.com,4
www.188.com,4
food.poco.cn,4
www.xiangshu.com,4
www.fzsjob.com,4
www.v17go.com,4
www.ename.cn,4
www.jinbw.com.cn,4
www.56114.net.cn,4
www.yutong.com,4
www.ibicn.com,4
www.shoeshr.com,4
www.zhantai.com,4
www.u88.cn,4
www.jianjie8.com,4
www.much001.com,4
www.quwan.com,4
www.x.com.cn,4
www.wangqi.com,4
www.ghjie.com,4
www.ljia.net,4
www.020job.com,4
www.shfft.com,4
www.dazhe.cn,4
www.shopex.cn,4
www.jiajiao114.com,4
www.soku.com,4
www.chinabank.com.cn,4
www.adquan.com,4
www.damndigital.com,4
www.transparcel.com,4
www.xx007.com,4
www.anjia.com,4
tuan.ctrip.com,4
www.ikaomi.com,4
www.100tiao1.net,4
www.3snews.net,4
www.hh010.com,4
www.aizhigu.com.cn,4
www.lumei.edu.cn,4
www.800pai.com,4
www.flash512.com,4
www.eyuyan.com,4
www.99jianzhu.com,4
www.9000wy.com,4
www.111cn.net,4
www.huisou.com,4
www.gkzhan.com,4
www.ccen.net,4
www.easiu.com,4
www.mapabc.com,4
www.ev123.com,4
www.orangehotel.com.cn,4
www.weiduomei.net,4
www.i21st.cn,4
www.wealink.com,4
www.dpnet.com.cn,4
www.33.la,4
www.kandao.com,4
www.8photo.cn,4
www.soulv.com,4
www.banyuetan.org,4
www.idcquan.com,4
www.5xue.com,4
www.24quan.com,4
www.waaku.com,4
www.fsjiaju.com,4
www.9610.com,4
www.shufawu.com,4
www.syyx.com,4
www.175pt.com,4
www.loveoo.com,4
www.sfcservice.com,4
www.51garlic.com,4
www.41717.net,4
www.91.cn,4
www.freehead.com,4
map.soso.com,4
cn.diytrade.com,4
cb.qq.com,4
www.65544.com,4
www.txwm.com,4
niutuku.com,4
www.sucai189.com,4
www.88152.com,4
www.isso.com.cn,4
www.pb89.com,4
www.517huwai.com,4
www.51gaifang.com,4
www.chinapower.com.cn,4
www.lgmi.com,4
www.chinapet.net,4
www.7k8k.com,4
www.51etong.com,4
www.maccms.com,4
www.26595.com,4
www.hbpx.net,4
www.sjzntv.cn,4
www.cnhangyun.com,4
www.xtep.com.cn,4
www.shoudurc.com,4
www.zh5000.com,4
job.zhulong.com,4
www.99sushe.com,4
bbs.hh010.com,4
www.wenkang.cn,4
www.ecshop.com,4
www.brides.com.cn,4
www.tquyi.com,4
www.5151sc.com,4
sports.qianlong.com,4
www.wenweipo.com,4
www.ecp888.com,4
www.1039.cn,4
www.xafc.com,4
www.wlzp.com,4
www.ffpic.com,4
www.biaoshang.com.cn,4
www.rijigu.com,4
www.maiduo.com,4
www.jiaoyou8.com,4
www.a.com.cn,4
www.caomeipai.com,4
www.locoso.com,4
www.gap.cn,4
www.globalimporter.net,4
www.norun.cn,4
www.snda.com,4
www.bestpay.com.cn,4
www.ford.com.cn,4
www.zupuk.com,4
www.yiwang.cn,4
www.pdxx.net,4
www.gz91.com,4
www.cnsb.cn,4
www.fengj.com,4
www.171english.cn,4
www.998.com,4
www.ruian.com,4
www.eb.cn,4
www.88gs.com,4
www.gywb.cn,4
www.51fashion.com.cn,4
www.cndoors.com,4
www.91job.com,4
www.0579com.com,4
www.eefocus.com,4
www.chuangye.com,4
www.chinabidding.com.cn,4
www.chemdrug.com,4
www.sosoyy.com,4
www.afzhan.com,4
www.dipan.com,4
www.meadin.com,4
www.nzw.cn,4
www.zj123.com,4
www.tianji.com,4
123.duba.net,4
www.go.cn,4
www.smzy.com,4
www.cankaoxiaoxi.com,4
www.meishujia.cn,4
www.cpanet.cn,4
www.4yt.net,4
www.cssn.cn,4
www.xiangha.com,4
www.fabang.com,4
www.kadang.com,4
www.bigsun.com.cn,4
www.lezi.com,4
www.17xie.com,4
17startup.com,4
www.chinadrtv.com,4
www.taofw.cn,4
www.pjtime.com,4
baby611.com,4
linuxtoy.org,4
www.psd8.com,4
www.cn5135.com,4
www.03wx.com,4
www.263.com,4
www.byecity.com,4
www.webmaster5u.com,4
www.8u.cn,4
www.cqwb.com.cn,4
www.ooomm.com,4
www.xp510.com,4
www.119g.com,4
www.geely.com,4
www.nz86.com,4
www.51ipa.com,4
www.baidajob.com,4
www.alisoft.com,4
www.lusen.com,4
www.0577job.com,4
www.5151c.com,4
www.shuqi.com,4
www.beyond.cn,4
www.people258.com,4
www.morningpost.com.cn,4
house.sina.com.cn,4
www.bestmoban.com,4
www.tjkx.com,4
www.9yue.com,4
www.kongjie.com,4
www.qihuiwang.com,4
www.cnfish.com,4
www.bosshr.com,4
www.7c.com,4
www.powereasy.net,4
www.b2bvip.com,4
www.changjiangtimes.com,4
www.xiudang.com,4
mp.gaitu.com,4
www.369.com,4
www.now.cn,4
www.cphoto.net,4
www.zhnews.net,4
www.shenzhidao.com,4
www.wowsai.com,4
mail.sohu.com,4
www.0791fuwu.com,4
www.ps-xxw.cn,4
www.hijiangxi.com,4
www.pztuan.com,4
www.tuangouba.com,4
www.jmnews.com.cn,4
www.uqc.cn,4
www.xinnet.com,4
www.300.cn,4
www.orgcc.com,4
www.51.la,4
www.ufotm.com,4
www.ncnews.com.cn,4
www.itcpn.net,4
www.li63.com,4
www.mysupa.com,4
www.teambuy.com.cn,4
www.qycn.com,4
www.1soccer.com,4
www.113ys.com,4
www.jiuxing.com.cn,4
www.9787.com,4
www.7d.com.cn,4
www.namipan.cc,4
www.nanhutravel.com,4
www.bagtree.cn,4
www.ylstudy.com,4
www.gg1994.com,4
www.buytong.com,4
www.china-highway.com,4
travel.163.com,4
www.51tie.com,4
www.jczqw.com,4
www.pc3w.com,4
www.lmjx.net,4
www.duxiu.com,4
www.tuchong.com,4
www.pkudl.cn,4
www.bokecc.com,4
www.20ju.com,4
www.xinhua08.com,4
www.e1988.com,4
www.super8.com.cn,4
www.headphoneclub.com,4
www.geekpark.net,4
tuan.elong.com,4
www.marry52.com,4
www.100exam.com,4
www.siteserver.cn,4
www.vmovier.com,4
art.china.cn,4
www.windin.com,4
www.shengpay.com,4
www.xiaot.com,4
www.jjdd.com,4
www.changan.com.cn,4
www.epetbar.com,4
bguai.com,4
www.88tc.com,4
www.91jm.com,4
www.jpwind.com,4
www.51youpin.com,4
www.3608.com,4
www.justyle.com,4
www.nbrc.com.cn,4
www.jibi.net,4
www.tzinfo.net,4
www.winvod.com,4
www.gong123.com,4
www.53kf.com,4
www.ef43.com.cn,4
www.fangjia.com,4
www.91wenwen.net,4
www.sozhen.com,4
www.chanet.com.cn,4
www.glinfo.com,4
www.99read.com,4
www.56135.com,4
www.moliyo.com,4
www.easyicon.cn,4
www.linfen365.com,4
www.sxrtv.com,4
www.sxrb.com,4
www.tongxue8.com,4
www.new7.com,4
www.huxiu.com,4
tech.china.com,4
www.powerpigs.net,4
www.99ys.com,4
www.beijing2008.cn,4
cul.book.sina.com.cn,4
www.liansuo.com,4
www.ydss.cn,4
www.niua.com,4
www.7711.com,4
www.yxduo.com,4
www.zzbaike.com,4
www.ceiea.com,4
www.locoy.com,4
www.gxp.cc,4
www.680.com,4
www.bjnews.com.cn,4
www.5ding.com,4
www.ylmf.com,4
www.dglib.cn,4
www.yubaibai.com.cn,4
www.sj63.com,4
www.128uu.com,4
www.corpease.net,4
discovery.163.com,4
www.cnzz.com,4
www.jiathis.com,4
www.230la.net,4
www.chuangxin.com,4
www.3ddl.net,4
www.luohuedu.net,4
www.ihk.cn,4
www.cccv.cn,4
yxp.163.com,4
www.818u.com,4
ihucai.net,4
www.frdic.com,4
www.beibaotu.com,4
www.webgame.com.cn,4
www.yinzuo100.com,4
www.2214.cn,4
www.22.cn,4
www.likeface.com,4
www.dx-job.com,4
www.yiihuu.com,4
www.symama.com,4
www.marry5.com,4
www.99pet.com,4
www.szse.cn,4
city.qq.com,4
www.cps.com.cn,4
www.kidulty.com,4
www.chinapet.com,4
www.koofang.com,4
www.easy-linkholiday.com,4
www.51bxg.com,4
www.99inf.com,4
www.subaonet.com,4
zgpingshu.com,4
www.aqsc.cn,4
www.doshow.com.cn,4
www.cnzz.cn,4
www.zgyx.com,4
www.sdfdc.com,4
www.0550.com,4
www.78.cn,4
bbs.luanren.com,4
www.inewsweek.cn,4
www.51ielts.com,4
www.ikang.com,4
www.cyol.net,4
www.bj100.com,4
www.lafaso.com,4
www.homevv.com,4
www.51jam.com,4
www.duouoo.com,4
www.moofeel.com,4
www.xituan.com,4
www.artww.com,4
www.jike.com,4
www.ccjoy.com,4
www.sundns.com,4
www.aihuishou.com,4
www.cnelc.com,4
www.csvw.com,4
www.80topic.cn,4
www.web07.cn,4
www.duzhe.com,4
www.flash1890.com,4
go.qq.com,4
www.sm160.com,4
www.juooo.com,4
www.tpy888.cn,4
fotomen.cn,4
www.chemm.cn,4
www.hanzify.org,4
www.55188.com,4
www.jwb.com.cn,4
www.aptchina.com,4
www.job1998.com,4
www.allfang.com,4
www.cnkuai.cn,4
www.gac-toyota.com.cn,4
www.tvtour.com.cn,4
www.chinainfoseek.com,4
www.dukankan.com,4
nd.oeeee.com,4
www.keepc.com,4
www.qmango.com,4
www.szgla.com,4
www.wines-info.com,4
www.go-gddq.com,4
www.motof.org,4
www.5pai.com,4
www.bgo.cn,4
www.job9151.com,4
www.webacg.com,4
www.7192.com,4
www.qinqin.net,4
www.jinxiang114.com,4
www.dnspod.cn,4
www.imosi.com,4
www.zbnews.net,4
www.qlwb.com.cn,4
www.chinaacademyofart.com,4
www.dpm.org.cn,4
xbeta.info,4
www.39yst.com,4
www.nciku.cn,4
www.togj.com,4
www.cctime.com,4
www.bookschina.com,4
www.knet.cn,4
www.52watch.com,4
www.suxuewang.com,4
www.3737.com,4
www.chinafloor.cn,4
www.jscode.cn,4
www.jiangduoduo.com,4
www.sndhr.com,4
www.pubyun.com,4
www.ebnew.com,4
www.tiantian.com,4
www.gucn.com,4
www.ledgb.com,4
www.726.com,4
www.qianzhan.com,4
www.jiaomai.com,4
www.dacai.com,4
www.wan5d.com,4
www.tianpin.com,4
www.ppdai.com,4
www.dvbbs.net,4
hi.people.com.cn,4
www.deskcity.com,4
www.linuxdiyf.com,4
www.chinaceot.com,4
www.dionly.com,4
tuan.xiu.com,4
www.yaochufa.com,4
www.yfu.cn,4
www.360xh.com,4
www.gzarts.edu.cn,4
www.lansin.com,4
mail.sogou.com,4
www.lifeweek.com.cn,4
www.peugeot.com.cn,4
www.1001p.com,4
www.goojje.com,4
www.zgsj.com,4
www.njdaily.cn,4
www.socang.com,4
www.jobmd.cn,4
www.fuyang.com,4
uc.sina.com.cn,4
www.176.com,4
www.t0001.com,4
www.35.com,4
www.phome.net,4
www.5w.com,4
www.hezi.com,4
www.qgyyzs.net,4
www.jiapin.com,4
www.logomaker.cn,4
bbs.qd315.net,4
bbs.liebao.cn,4
www.giftport.com.cn,4
news.tom.com,4
www.ccvic.com,4
www.caiyun.com,4
www.ctsho.com,4
www.qwjian.com,4
www.qjhm.net,4
www.kbcool.com,4
www.kshr.com.cn,4
www.youboy.com,4
www.shippingchina.com,4
www.js-edu.cn,4
www.hair8.net,4
www.gettyimages.cn,4
www.groupon.cn,4
www.so.com,4
www.htchi.com,4
www.sudu.cn,4
www.my399.com,4
www.51ey.com,4
www.597.com,4
www.zjypw.com,4
ch.gongchang.com,4
www.cndns.com,4
www.86mai.com,4
mail.10086.cn,4
www.lvye.cn,4
www.tui18.com,4
www.no5.com.cn,4
www.51mike.com,4
www.xzbu.com,4
yx.tv189.com,4
www.zzidc.com,4
www.hzfc365.com,4
www.texnet.com.cn,4
www.tejiawang.com,4
www.shishangqiyi.com,4
www.hroot.com,4
www.library.sh.cn,4
www.qcr.cc,4
history.huanqiu.com,4
www.iianews.com,4
www.liyi99.com,4
www.chinahrd.net,4
www.mayi.com,4
www.juedui100.com,4
www.56888.net,4
www.a8.com,4
mail.21cn.com,4
www.ehmall.com.cn,4
www.fuyuanweb.com,4
www.8788.cn,4
www.ly321.com,4
www.niuzhu.com,4
www.zhuokearts.com,4
www.wehefei.com,4
www.jac.com.cn,4
www.asp300.com,4
www.mifan365.com,4
www.bababian.com,4
www.newmaker.com,4
www.qinbing.cn,4
www.shufa.com,4
www.gwm.com.cn,4
www.jobinhe.net,4
www.yanjiao.com,4
www.taiwandao.tw,4
www.nfdaily.cn,4
www.biketo.com,4
www.1626.com,4
www.heima8.com,4
www.siluhd.com,4
www.lexus.com.cn,4
game.vsa.com.cn,4
www.lingshi.com,4
www.baiji.com.cn,4
www.nbweekly.com,4
www.guuoo.com,4
aatouch.com,4
www.sowu.com,4
www.yntv.cn,4
www.puercn.com,4
www.ynshangji.com,4
www.zhaoshang100.com,4
www.jttop.com,4
www.changsha.cn,4
www.hvacr.cn,4
www.hishop.com.cn,4
www.0731fdc.com,4
www.ehomeday.com,4
www.armani.cn,4
www.1626buy.com,4
www.96pk.com,4
www.gg-art.com,4
www.vikecn.com,4
www.zhgpl.com,4
www.cmr.com.cn,4
www.cecb2b.com,4
www.lamiu.com,4
www.artintern.net,4
www.cafa.edu.cn,4
house.qq.com,4
www.zk71.com,4
www.qqershou.com,4
www.shanghaigm.com,4
www.phpcms.cn,4
www.hichina.com,4
www.9188.com,4
www.yugaopian.com,4
www.mbachina.com,4
www.soulou8.com,4
www.9518.com,4
www.soft6.com,4
lib.tsinghua.edu.cn,4
www.qhnews.com,4
www.duojiaochong.com,4
www.kuaishubao.com,4
www.51aspx.com,4
www.t3.com.cn,4
www.ihongpan.com,4
www.fish3000.com,4
www.ecocn.org,4
www.china-shufajia.com,4
www.kangtu.com,4
www.ok168.com,4
www.365.com,4
www.lvse.com,4
www.renrenzhe.com,4
5lux.com,4
sports.china.com,4
www.airizu.com,4
www.v1.cn,4
www.medlive.cn,4
www.piao.com,4
www.eju.com,4
www.namoc.org,4
www.aituan.com,4
china.trade2cn.com,4
www.icoou.com,4
www.landchina.com,4
hjsm.tom.com,4
www.youtx.com,4
www.53dns.com,4
www.ebk8.com,4
www.ryedu.net,4
www.1diaocha.com,4
www.emoney.cn,4
www.chinapay.com,4
www.jinpu.com,4
www.ys168.com,4
www.mytophome.com,4
www.258.com,4
www.53shop.com,4
www.ucjoy.com,4
www.zonezu.com,4
cn.openrice.com,4
www.boai.com,4
www.motel168.com,4
dict.bing.com.cn,4
www.mypiao.com,4
www.xjhr.com,4
www.sharebank.com.cn,4
www.xaonline.com,4
www.qihoo.com,5
www.ichacha.net,5
www.bokee.net,5
www.lusongsong.com,5
blog.soufun.com,5
www.ifanr.com,5
songshuhui.net,5
www.dapenti.com,5
www.smzdm.com,5
www.my1510.cn,5
www.itopdog.cn,5
www.fairyfish.net,5
www.tigtag.com,5
www.jjl.cn,5
www.job168.com,5
www.yninfo.com,5
www.lnd.com.cn,5
www.chengdu.cn,5
www.hf365.com,5
www.ycwb.com,5
www.liba.com,5
www.bato.cn,5
www.iyaxin.com,5
www.cjn.cn,5
www.jxgdw.com,5
www.zj.com,5
www.hxrc.com,5
www.zhong5.cn,5
www.zbinfo.net,5
www.iweihai.cn,5
www.chinajilin.com.cn,5
www.86516.com,5
www.zxip.com,5
www.jxcn.cn,5
www.yznews.com.cn,5
www.my0511.com,5
www.ptfish.com,5
www.ks.js.cn,5
www.lywww.com,5
www.wangjing.cn,5
www.beihai365.com,5
www.xsnet.cn,5
www.nmgnews.com.cn,5
www.168hs.com,5
0513.org,5
www.5iyq.com,5
www.jlonline.com,5
www.t56.net,5
bbs.shunderen.com,5
www.163gz.com,5
www.beareyes.com.cn,5
www.ccidnet.com,5
www.itxinwen.com,5
www.pcinlife.com,5
www.qudong.com,5
www.macx.cn,5
www.anjian.com,5
www.startos.com,5
bbs.windows7en.com,5
www.ppcn.net,5
www.winbaicai.com,5
www.51dzt.com,5
www.chinahighway.com,5
www.64365.com,5
www.51labour.com,5
www.huaban.com,5
www.sodao.com,5
www.linkchic.com,5
www.zuanke8.com,5
www.togoo.com,5
bbs.hcbbs.com,5
www.gongkong.com,5
www.21-sun.com,5
www.gkong.com,5
www.zz91.com,5
www.php100.com,5
www.chinaitlab.com,5
www.52pojie.cn,5
www.mb5u.com,5
www.kuqin.com,5
www.bccn.net,5
www.a963.com,5
home.163.com,5
www.jiaju.com,5
www.jiancai.com,5
www.bjjs.gov.cn,5
www.cool-de.com,5
www.eju.cn,5
www.5i5j.com,5
www.tongyi.com,5
www.studyez.com,5
www.esnai.com,5
www.reader8.cn,5
www.china-b.com,5
www.9ye.com,5
www.edulife.com.cn,5
www.huaue.com,5
www.5184.com,5
www.xuexifangfa.com,5
www.rvedu.com,5
www.myeducs.cn,5
www.eduego.com,5
www.zgjrw.com,5
www.forbeschina.com,5
www.cyzone.cn,5
www.caikuu.com,5
www.ocn.com.cn,5
www.gw.com.cn,5
www.caixin.com,5
www.pedaily.cn,5
finance.21cn.com,5
www.cb.com.cn,5
www.7878.com,5
www.forex.com.cn,5
www.fund123.cn,5
www.imeigu.com,5
www.538538.com,5
www.fortunechina.com,5
www.51zjxm.com,5
www.mod.gov.cn,5
war.163.com,5
www.leiting001.com,5
www.chnqiang.com,5
www.top81.com.cn,5
www.fyjs.cn,5
www.51junshi.com,5
www.5281520.com,5
bbs.28tui.com,5
www.ziling.com,5
www.btbbt.com,5
www.lkong.net,5
bbs.trends.com.cn,5
www.zhongsou.com,5
www.iresearch.cn,5
www.yunnan.cn,5
www.yoho.cn,5
www.68design.net,5
www.donews.com,5
www.wo.com.cn,5
www.gog.com.cn,5
www.tianshannet.com.cn,5
www.chinavisual.com,5
www.3g.cn,5
www.boosj.com,5
www.52design.com,5
www.m4.cn,5
www.whnews.cn,5
www.iwatch365.net,5
www.ltaaa.com,5
www.zaojiao.com,5
www.babyschool.com.cn,5
www.goodbaby.com,5
www.0-6.com,5
baby.qq.com,5
www.mama.cn,5
baby.39.net,5
www.61gequ.com,5
baby.163.com,5
www.5721.net,5
www.agri.gov.cn,5
www.zhue.com.cn,5
www.yuanlin.com,5
www.xueersi.com,5
www.etiantian.com,5
www.5ucom.com,5
www.16888.com,5
www.1hai.cn,5
www.chinacars.com,5
www.autov.com.cn,5
www.hx2car.com,5
auto.shangdu.com,5
www.china2car.com,5
www.xout.cn,5
www.chinacar.com.cn,5
www.sciencenet.cn,5
www.hicdma.com,5
www.imp3.net,5
www.nduoa.com,5
www.wpxap.com,5
www.mydigit.cn,5
www.apkok.com,5
www.ejiayu.com,5
www.anfensi.com,5
www.androidonline.net,5
www.roboo.com,5
www.android888.com,5
www.52xyx.com,5
www.51sjyx.com,5
www.2265.com,5
www.starandroid.com,5
www.shhuu.com,5
www.wjw.cn,5
www.21ic.com,5
www.gqsoso.com,5
www.gtxh.com,5
www.taikang.com,5
www.sdb.com.cn,5
www.bjrcb.com,5
www.zhongmin.cn,5
www.cpic.com.cn,5
www.12333sb.com,5
www.qq163.com,5
www.linekong.com,5
www.pceggs.com,5
www.9wee.com,5
www.05wan.com,5
www.boxuu.com,5
www.chinagames.net,5
www.198game.com,5
www.gk99.com,5
www.yxlady.com,5
www.self.com.cn,5
she.21cn.com,5
www.chiphell.com,5
www.xxhh.net,5
www.haha.mx,5
www.magme.cn,5
www.uqude.com,5
www.33iq.com,5
www.zei6.com,5
jdxi.net,5
www.4908.cn,5
www.cas.cn,5
www.aqsiq.gov.cn,5
www.moj.gov.cn,5
www.bjbus.com,5
www.hn8868.com,5
www.7755.com,5
www.bydauto.com.cn,5
www.kldjy.com,5
www.cnliti.com,5
www.supei.com,5
book.sohu.com,5
www.lvren.cn,5
www.ftuan.com,5
www.renhe.cn,5
www.6diy.com,5
www.xingming.net,5
www.3839.com,5
www.hao123.cn,5
www.81813.com,5
culture.china.com,5
www.chunyun.cn,5
www.audi.cn,5
www.geekfans.com,5
www.18yue.com,5
www.10yan.com,5
www.lishi5.com,5
wushen.com,5
www.zx98.com,5
www.mmimm.com,5
www.jianke.com,5
www.kuku123.com,5
www.gaoxiaojob.com,5
www.nhaidu.com,5
www.goodmood.cn,5
seo.chinaz.com,5
www.4hw.com.cn,5
www.china-pub.com,5
www.fx120.net,5
www.beijing-hyundai.com.cn,5
www.bcia.com.cn,5
www.zhujiwu.com,5
www.sg560.com,5
www.gdrc.com,5
www.qu114.com,5
www.boysky.com,5
www.4008885166.com,5
www.qy6.com,5
www.gooooal.com,5
www.arting365.com,5
www.feedtrade.com.cn,5
www.eepw.com.cn,5
www.lanfw.com,5
www.zbird.com,5
www.xiancn.com,5
www.yoyv.com,5
www.errenzhuan.cc,5
www.tooopen.com,5
www.baifubao.com,5
www.miaogu.com,5
www.263xmail.com,5
www.sssc.cn,5
www.86jobs.com,5
www.wl.cn,5
www.120.net,5
www.cutv.com,5
www.ofweek.com,5
www.keyunzhan.com,5
www.baimao.com,5
www.k8008.com,5
www.panjk.com,5
www.qqyy.com,5
www.fznews.com.cn,5
www.dshrc.com,5
www.discuz.net,5
www.100xuexi.com,5
www.xianguo.com,5
cul.sohu.com,5
y.qq.com,5
www.hfhouse.com,5
www.sj33.cn,5
www.ahhouse.com,5
www.xidian.edu.cn,5
www.800j.com.cn,5
www.railcn.net,5
www.cnfree.org,5
www.yesmywine.com,5
www.dfdaily.com,5
www.53info.com,5
www.binggo.com,5
www.d1.com.cn,5
www.haozhanhui.com,5
trip.taobao.com,5
www.veryeast.cn,5
www.fangtoo.com,5
www.tbba.com.cn,5
www.228.com.cn,5
www.west263.com,5
www.amaomb.com,5
www.cqcb.com,5
www.hrm.cn,5
www.cqjob.com,5
www.mscbsc.com,5
www.shishicai.cn,5
www.073.cc,5
www.zhaoshangbao.com,5
www.mangguo.com,5
www.ledu.com,5
www.36qp.com,5
ganzhe.com,5
www.tianjihr.com,5
www.cndesign.com,5
www.flash8.net,5
www.64gua.com,5
www.cmiyu.com,5
www.taskcn.com,5
www.21ccom.net,5
culture.ifeng.com,5
cp.360.cn,5
www.qianqian.com,5
www.cnetnews.com.cn,5
www.78v.com,5
www.7cv.com,5
www.chinawutong.com,5
www.ebrun.com,5
www.yikexun.cn,5
www.zxdyw.com,5
www.jxrencai.com,5
www.cnbanbao.cn,5
www.winshang.com,5
www.gengfu.net,5
www.go007.com,5
www.40407.com,5
www.cnxianzai.com,5
www.buildhr.com,5
www.gaopeng.com,5
www.kingsoft.com,5
tiandaoedu.com,5
www.kaba365.com,5
www.ef.com.cn,5
www.nantaihu.com,5
www.loveliao.com,5
www.cp2y.com,5
www.e0575.cn,5
www.qfc.cn,5
www.27144.com,5
www.foodqs.cn,5
www.cfw.cn,5
www.17guagua.com,5
www.yiwugou.com,5
cn.bing.com,5
www.sportscn.com,5
www.ipart.cn,5
www.htinns.com,5
www.01job.cn,5
www.591wed.com,5
www.ihush.com,5
www.zhenpin.com,5
www.keniu.com,5
www.aibo123.com,5
www.yp900.com,5
www.zhms.cn,5
www.51taonan.com,5
www.24en.com,5
www.billwang.net,5
cn.reuters.com,5
www.jcrb.com,5
www.uc56.com,5
www.sure56.com,5
www.yuanlai.com,5
www.askci.com,5
shop.qq.com,5
www.webkaka.com,5
www.box-z.com,5
www.dreams-travel.com,5
www.pxto.com.cn,5
www.gtobal.com,5
www.hzrc.com,5
www.koubei.com,5
china.eb80.com,5
www.amway.com.cn,5
www.tielu.org,5
www.138job.com,5
www.ewsos.com,5
www.airasia.com,5
szhr.com.cn,5
www.guolairen.com,5
www.jyb.cn,5
www.caigou.com.cn,5
www.juqi.com,5
www.wangpiao.com,5
www.vw.com.cn,5
www.kvov.com,5
www.99comic.com,5
www.ewoka.com,5
www.yingbishufa.com,5
www.mypsd.com.cn,5
www.ck100.com,5
www.kaspersky.com.cn,5
www.sports.cn,5
www.piao.com.cn,5
www.fclub.cn,5
www.laidingba.com,5
www.ttpet.com,5
www.jfdaily.com,5
www.linkhelper.cn,5
www.etpass.com,5
www.shopin.net,5
www.top100.cn,5
www.ceconline.com,5
www.oray.com,5
www.yynet.cn,5
www.dedecms.com,5
www.motorfans.com.cn,5
www.zhiji.com,5
www.gscn.com.cn,5
hao.qq.com,5
hr.bjx.com.cn,5
food.39.net,5
www.nankai.edu.cn,5
tju.edu.cn/index.htm,5
www.yeeyan.org,5
www.l99.com,5
www.sheying8.com,5
www.gxrc.com,5
www.vivijk.com,5
www.zgwxbbs.com,5
www.ximatou.com,5
www.wfnews.com.cn,5
www.vlongbiz.com,5
www.lznews.cn,5
bbs.zbgl.net,5
www.sdbys.cn,5
www.huainet.com,5
www.cehome.com,5
www.dili360.com,5
www.npicp.com,5
www.hxsd.com,5
www.4948.com,5
www.chinachugui.com,5
bbs.wm090.com,5
www.sunnychina.com,5
www.efeihu.com,5
www.enbowang.com,5
www.21cnhr.gov.cn,5
www.blogjava.net,5
www.infinitus.com.cn,5
www.muu.com.cn,5
www.yohobuy.com,5
www.unsv.com,5
www.78land.com,5
www.zhongguohuo.com,5
www.51766.com,5
www.colg.cn,5
www.15w.com,5
www.zjrc.com,5
www.jcang.com.cn,5
www.duomi.com,5
www.xhby.net,5
www.yisou.com,5
www.seowhy.com,5
www.yewuyuan.com,5
www.goufang.com,5
www.masamaso.com,5
www.shengyidi.com,5
www.lingtuan.com,5
www.zhihu.com,5
www.78dm.net,5
www.missyuan.com,5
sports.eastday.com,5
www.openedu.com.cn,5
www.nphoto.net,5
www.jxdyf.com,5
www.80166.com,5
www.17mcp.com,5
www.371love.com,5
www.xiaomishu.com,5
www.jinjianginns.com,5
www.hackbase.com,5
www.doctorjob.com.cn,5
www.suiyifa.com,5
www.2000y.net,5
www.ustc.edu.cn,5
www.ehaier.com,5
www.vista123.com,5
www.actoys.net,5
www.sdcp.cn,5
www.hrloo.com,5
www.shenzhenair.com,5
www.cntrades.com,5
www.51ditu.com,5
www.h2h.cn,5
www.buaa.edu.cn,5
www.hnrcsc.com,5
www.hitao.com,5
www.happigo.com,5
www.jycinema.com,5
www.yunduan.cn,5
www.sctv.com,5
www.netbig.com,5
www.esunny.com,5
www.wwenglish.com,5
www.lcxw.cn,5
www.badmintoncn.com,5
www.yijia.com,5
www.lakala.com,5
book.chaoxing.com,5
www.hiall.com.cn,5
www.stzp.cn,5
www.99114.com,5
www.yongyao.net,5
www.youhua.com,5
www.qm120.com,5
www.cits.com.cn,5
www.haoyisheng.com,5
sports.tom.com,5
www.dyk.com.cn,5
www.ctdisk.com,5
www.9991.com,5
www.epjob88.com,5
exmail.qq.com,5
www.topoyo.com,5
www.china-ef.com,5
tuan.qq.com,5
www.doyouhike.net,5
www.taoex.com,5
www.alexa.cn,5
www.yeah.net,5
www.hudong.com,6
www.wm23.com,6
www.bokee.com,6
www.36kr.com,6
www.williamlong.info,6
www.leiphone.com,6
www.appinn.com,6
www.iplaysoft.com,6
baozoumanhua.com,6
www.ipc.me,6
www.taisha.org,6
www.nen.com.cn,6
www.online.sh.cn,6
www.scol.com.cn,6
www.dayoo.com,6
365jia.cn,6
www.cnool.net,6
www.dbw.cn,6
www.sun0769.com,6
www.anhuinews.com,6
www.szonline.net,6
www.hefei.cc,6
www.jiaodong.net,6
www.tiboo.cn,6
www.jxnews.com.cn,6
www.bandao.cn,6
www.hainan.net,6
cd.qq.com,6
www.xmfish.com,6
www.chinataiwan.org,6
www.hualongxiang.com,6
www.cnwest.com,6
www.syd.com.cn,6
www.2500sz.com,6
www.xmrc.com.cn,6
www.cnnb.com.cn,6
www.5yi.com,6
www.runsky.com,6
www.66163.com,6
www.gxsky.com,6
www.inhe.net,6
www.yinsha.com,6
www.gzmama.com,6
www.deyi.com,6
www.fzbm.com,6
www.timedg.com,6
xian.qq.com,6
www.hbtv.com.cn,6
www.022net.com,6
www.gansudaily.com.cn,6
www.henan100.com,6
www.srzc.com,6
www.qzwb.com,6
www.ytbbs.com,6
www.mala.cn,6
www.703804.com,6
www.cztv.com,6
www.hljtv.com,6
www.taihainet.com,6
www.thmz.com,6
shm.com.cn,6
www.dsqq.cn,6
www.liao1.com,6
www.hlgnet.com,6
www.xizi.com,6
www.daynews.com.cn,6
www.tongren.gov.cn,6
www.ahtv.cn,6
www.zsnews.cn,6
www.jysq.net,6
www.shhbm.com,6
www.zg163.net,6
www.thethirdmedia.com,6
www.chinabyte.com,6
www.3mt.com.cn,6
www.it.com.cn,6
www.cfan.com.cn,6
www.8844.com,6
www.sanhaostreet.com,6
www.dell.com.cn,6
www.maiyadi.com,6
www.excelhome.net,6
www.acer.com.cn,6
www.51ztzj.com,6
www.waheaven.com,6
www.duitang.com,6
www.topit.me,6
www.digu.com,6
www.fandongxi.com,6
www.manmanbuy.com,6
china.chemnet.com,6
www.51pla.com,6
www.instrument.com.cn,6
www.chinaunix.net,6
www.oschina.net,6
www.iteye.com,6
www.zdnet.com.cn,6
www.w3school.com.cn,6
www.jcwcn.com,6
www.pudn.com,6
www.wzsky.net,6
jiaju.sina.com.cn,6
www.51hejia.com,6
www.ikea.com,6
www.co188.com,6
www.525j.com.cn,6
www.to8to.com,6
www.letfind.com.cn,6
www.jiatx.com,6
www.homekoo.com,6
www.jiajuol.com,6
www.tumanduo.com,6
www.jiancai365.cn,6
www.xtuan.com,6
www.3d66.com,6
www.3dxia.com,6
edu.qq.com,6
www.teacher.com.cn,6
edu.people.com.cn,6
www.ks5u.com,6
www.dongao.com,6
www.gaofen.com,6
www.edu24ol.com,6
www.cqvip.com,6
www.topsage.com,6
www.emuch.net,6
www.xdnice.com,6
www.umiwi.com,6
www.yuloo.com,6
www.shangxueba.com,6
www.szpxe.com,6
club.topsage.com,6
www.thea.cn,6
www.zhongkao.com,6
www.canet.com.cn,6
www.bjeea.cn,6
www.zikao365.com,6
www.21cnjy.com,6
www.1kejian.com,6
www.xuexila.com,6
www.etest8.com,6
www.chinakaoyan.com,6
www.qnr.cn,6
www.365zhaosheng.com,6
bbs.qzzn.com,6
www.12999.com,6
www.zww.cn,6
www.21edu8.com,6
www.17xing.com,6
www.prcedu.com,6
www.lspjy.com,6
www.520xy8.com,6
www.haoxuee.com,6
www.3773.com.cn,6
www.p5w.net,6
www.cnfol.com,6
www.10jqka.com.cn,6
www.21cbh.com,6
www.caijing.com.cn,6
www.stcn.com,6
www.ftchinese.com,6
www.cnstock.com,6
www.gucheng.com,6
www.yicai.com,6
www.cs.com.cn,6
www.fx678.com,6
www.chinavalue.net,6
www.cfi.cn,6
www.gold678.com,6
www.youshang.com,6
www.taoguba.com.cn,6
www.southmoney.com,6
www.zhijinwang.com,6
mil.news.sina.com.cn,6
military.china.com,6
www.chinaiiss.com,6
mil.huanqiu.com,6
www.chinamil.com.cn,6
military.people.com.cn,6
www.cjdby.net,6
www.kdnet.net,6
www.newsmth.net,6
bbs.voc.com.cn,6
www.5d6d.com,6
www.paidai.com,6
www.in189.com,6
www.bianzhirensheng.com,6
www.paipaitxt.com,6
www.99tianji.com,6
www.jaycn.com,6
cn.yahoo.com,6
www.gmw.cn,6
www.daqi.com,6
jinti.com,6
www.admin5.com,6
www.qianlong.com,6
www.techweb.com.cn,6
www.carschina.com,6
www.chinaren.com,6
www.newssc.org,6
www.66wz.com,6
www.sznews.com,6
www.sootoo.com,6
www.hebei.com.cn,6
www.vnet.cn,6
www.jschina.com.cn,6
www.southcn.com,6
www.cnhan.com,6
www.bjd.com.cn,6
cn.msn.com,6
www.admaimai.com,6
www.zhiyin.cn,6
www.jinghua.cn,6
www.icxo.com,6
www.tianjinwe.com,6
www.abang.com,6
www.rongshuxia.com,6
www.redbaby.com.cn,6
www.qqbaobao.com,6
www.qinbei.com,6
www.61baobao.com,6
www.seedit.com,6
www.qbaobei.com,6
www.mmbang.com,6
www.060s.com,6
www.youban.com,6
www.ibabyzone.cn,6
www.zhujiage.com.cn,6
www.yuanlin365.com,6
www.juren.com,6
www.koolearn.com,6
www.houxue.com,6
www.alibado.com,6
www.qianshou.com,6
www.027art.com,6
www.ddc.net.cn,6
www.chexun.com,6
www.taoche.com,6
www.iautos.cn,6
www.webcars.com.cn,6
www.chetx.com,6
www.51auto.com,6
www.zyue.com,6
www.cn2che.com,6
www.fblife.com,6
www.che168.com,6
www.carxoo.com,6
www.jsyks.com,6
www.273.cn,6
www.taotaocar.com,6
www.mycar168.com,6
www.52che.com,6
www.360che.com,6
www.kuche.com,6
www.zuche.com,6
www.chnsuv.com,6
www.gaibar.com,6
www.ieche.com,6
www.chelink.com,6
www.t139.com,6
www.artron.net,6
www.guokr.com,6
it.sohu.com/science.shtml,6
www.mycollect.net,6
www.imobile.com.cn,6
www.mumayi.com,6
www.gamedog.cn,6
www.tompda.com,6
www.appchina.com,6
www.anzhi.com,6
www.miui.com,6
www.xda.cn,6
www.lexun.cn,6
www.tongbu.com,6
www.fengbao.com,6
www.159.com,6
www.angeeks.com,6
www.ggg.cn,6
www.wandoujia.com,6
www.younet.com,6
www.vmall.com,6
www.52blackberry.com,6
www.dashi.com,6
www.muzhiwan.com,6
app.tongbu.com,6
www.baoruan.com,6
www.7xz.com,6
www.anzhuo.cn,6
www.25pp.com,6
www.cnwav.com,6
www.118100.cn,6
www.51spsoft.com,6
www.sjapk.com,6
www.shuame.com,6
www.350c.com,6
www.hqew.com,6
www.mysteel.com,6
www.dzsc.com,6
www.metalnews.cn,6
www.smm.cn,6
www.elecfans.com,6
www.cib.com.cn,6
www.spdb.com.cn,6
www.hxb.com.cn,6
www.xiangrikui.com,6
www.bankofbeijing.com.cn,6
www.e-chinalife.com,6
www.chashebao.com,6
www.ztgame.com,6
www.51wan.com,6
www.91wan.com,6
www.plu.cn,6
www.uuzu.com,6
www.jj.cn,6
www.70yx.com,6
www.9you.com,6
www.gyyx.cn,6
www.game.com.cn,6
www.woniu.com,6
www.155.cn,6
www.ourgame.com,6
www.game2.cn,6
www.a9vg.com,6
www.ptbus.com,6
www.xd.com,6
www.kunlun.com,6
www.92wy.com,6
www.7fgame.com,6
www.yaowan.com,6
www.2366.com,6
www.kongzhong.com,6
www.the9.com,6
www.bamuyu.com,6
www.51saier.cn,6
www.6711.com,6
www.2u.com.cn,6
www.3234.com,6
www.cdcgames.net,6
www.27.cn,6
www.onlylady.com,6
www.ellechina.com,6
www.trends.com.cn,6
www.kimiss.com,6
www.vogue.com.cn,6
www.aili.com,6
et.21cn.com,6
www.zdface.com,6
www.67.com,6
www.jandan.net,6
ent.huanqiu.com,6
www.u148.net,6
lady.people.com.cn,6
www.xiumei.com,6
www.pengfu.com,6
www.haha365.com,6
www.shcaoan.com,6
www.71lady.com,6
www.77hh.com,6
www.dxju.com,6
www.26lady.com,6
www.xiziwang.net,6
www.gxdxw.cn,6
photo.qianshou.com,6
www.saic.gov.cn,6
www.12333sh.gov.cn,6
www.stats.gov.cn,6
www.chinatax.gov.cn,6
www.mlr.gov.cn,6
www.customs.gov.cn,6
www.sda.gov.cn,6
www.bjld.gov.cn,6
www.mps.gov.cn,6
www.fl168.com,6
www.bjgjj.gov.cn,6
www.qiyun.org,6
www.100bt.com,6
www.haokan123.com,6
www.geihui.com,6
www.easou.com,6
www.365rili.com,6
www.safehoo.com,6
mail.sina.com.cn,6
dict.youdao.com,6
www.1616.net,6
sports.people.com.cn,6
tool.chinaz.com,6
www.bilibili.tv,6
www.fjsen.com,6
www.sonhoo.com,6
www.paixie.net,6
www.cnxz.cn,6
www.ed2000.com,6
www.chinahr.com,6
health.people.com.cn,6
www.jieju.cn,6
jy.chinaz.com,6
www.d1xz.net,6
www.fabao365.com,6
www.qyer.com,6
www.cnedu.cn,6
www.webshu.net,6
www.77ds.com,6
www.51kdy.com,6
www.duotegame.com,6
www.xuefo.net,6
www.job5156.com,6
www.jobcn.com,6
www.oppo.com,6
china.nowec.com,6
www.job001.cn,6
www.68ps.com,6
www.81zw.com,6
www.qiyeku.com,6
www.7273.cc,6
www.fjtc.com.cn,6
www.jdyou.com,6
www.fanhuan.com,6
www.xmu.edu.cn,6
www.xmhouse.com,6
www.wnwb.com,6
www.kuyiso.com,6
www.9939.com,6
www.36578.com,6
www.iiyi.com,6
www.goumin.com,6
www.17500.cn,6
www.wtojob.com,6
www.bjdy.cc,6
www.xingzuo123.com,6
www.cailele.com,6
www.gdcrj.com,6
www.henhaoji.com,6
www.bioon.com,6
www.haozu.com,6
www.bestb2b.com,6
www.51fanli.com,6
www.99bill.com,6
www.21wecan.com,6
www.earthol.com,6
www.edushi.com,6
www.bmlink.com,6
www.goepe.com,6
www.pipi.cn,6
www.jcard.cn,6
www.meimingteng.com,6
www.ebay.cn,6
www.smgbb.cn,6
www.bayueju.com,6
www.abab.com,6
www.qplus.com,6
www.ele.me,6
www.156580.com,6
www.800pharm.com,6
travel.sohu.com,6
www.28.com,6
tuan.360.cn,6
www.zcom.com,6
www.baijob.com,6
www.homelink.com.cn,6
www.myjob.com,6
www.didatuan.com,6
www.bjx.com.cn,6
www.1518.com,6
www.zhongsou.net,6
www.kongfz.com,6
www.alimama.com,6
www.yupoo.com,6
www.dxy.cn,6
www.cntjmh.cn,6
www.qlrc.com,6
www.bet007.com,6
www.310win.com,6
www.titan007.com,6
www.szhome.com,6
www.11467.com,6
www.yougou.com,6
down.chinaz.com,6
www.job592.com,6
www.997788.com,6
www.tech-food.com,6
www.sucaitianxia.com,6
www.370kk.com,6
www.baihe.com,6
news.china.com,6
www.zcool.com.cn,6
www.kekenet.com,6
www.maxthon.cn,6
www.ruc.edu.cn,6
www.moxiu.com,6
www.legaldaily.com.cn,6
www.jiuxian.com,6
mail.163.com,6
www.net114.com,6
v.163.com,6
www.sysu.edu.cn,6
www.xiu.com,6
www.pengyou.com,6
www.gaitu.com,6
www.2100book.com,6
www.beva.com,6
s.114chn.com,6
www.xjtu.edu.cn,6
www.uzai.com,6
www.shooter.cn,6
www.lookmw.cn,6
www.liebiao.com,6
www.newegg.com.cn,6
www.news365.com.cn,6
www.kankanews.com,6
www.emland.net,6
www.818.com,6
www.blemall.com,6
www.16sucai.com,6
www.18888.com,6
www.51t.com,6
down.it168.com,6
www.findart.com.cn,6
www.cnscore.com,6
www.jiemeng8.com,6
www.globrand.com,6
www.m3guo.com,6
www.dzxw.net,6
www.jc001.cn,6
www.fmx.cn,6
www.feiku.com,6
www.blueidea.com,6
www.3158.cn,6
www.hust.edu.cn,6
www.fdc.com.cn,6
www.whu.edu.cn,6
www.txtbook.com.cn,6
caipiao.163.com,6
www.51sole.com,6
sports.21cn.com,6
www.dbank.com,6
www.jiwu.com,6
www.acfun.tv,6
www.jifenzhong.com,6
www.100ppi.com,6
www.78xs.com,6
book.ifeng.com,6
www.vjia.com,6
www.okbuy.com,6
astro.sina.com.cn,6
mp3.sogou.com,6
www.05sun.com,6
www.xunyou.com,6
www.neihan8.com,6
www.alibole.com,6
www.cnal.com,6
www.zhuoku.com,6
www.zymk.cn,6
www.mkzhan.com,6
www.aizhan.com,6
www.ems183.cn,6
www.express8.cn,6
www.baofeng.com,6
www.ikaka.com,6
www.chaoxing.com,6
www.yidaba.com,6
www.yeepay.com,6
www.zynews.com,6
www.jjoobb.cn,6
www.c-c.com,6
www.zzu.edu.cn,6
www.goodjob.cn,6
i8i8i8.com,6
www.xingzuowu.com,6
www.12ky.com,6
www.ttcnn.com,6
www.7daysinn.cn,6
www.sccnn.com,6
www.youbianku.com,6
www.e21.cn,6
www.jmw.com.cn,6
www.rising.com.cn,6
www.qikan.com.cn,6
www.sina.net,6
comic.youku.com,6
www.tao800.com,6
www.kumi.cn,6
www.asqql.com,6
www.7176.com,6
www.gamefy.cn,6
www.mbaobao.com,6
www.shuaijiao.com,6
www.kukudm.com,6
www.fccs.com,6
www.im286.com,6
www.tnc.com.cn,6
www.cnbeta.com,6
www.loveinhere.com,6
www.snsfun.com,6
www.3566t.com,6
www.efu.com.cn,6
www.9158.com,6
www.hujiang.com,6
news.eastday.com,6
www.m18.com,6
www.ceair.com,6
www.gewara.com,6
www.ceconlinebbs.com,6
www.chinalawedu.com,6
www.zgzcw.com,6
www.lehecai.com,6
www.feeyo.com,6
www.carnoc.com,6
www.taodake.com,6
www.lotour.com,6
www.ynet.com,6
www.szzfgjj.com,6
www.womai.com,6
www.manzuo.com,6
www.chinacourt.org/,6
www.jufengshang.com,6
www.6.cn,6
www.tsinghua.edu.cn,6
mail.cn.yahoo.com,6
www.360doc.com,6
www.yintai.com,6
www.jyeoo.com,6
www.cococomic.com,6
www.160.com,6
www.cfanclub.net,6
cn.ec51.com,6
www.973.com,6
www.52fuqing.com,6
photo.163.com,6
www.baomihua.com,6
www.3gsc.com.cn,6
www.aqioo.com,6
ym.163.com,6
www.aicai.com,6
www.xincheping.com,6
www.szhk.com,6
www.nju.edu.cn,6
www.52cp.cn,6
www.netat.net,6
www.439.com.cn,6
www.jqw.com,6
down.admin5.com,6
www.2688.com,6
www.for68.com,6
www.nettvl.com,6
www.baiyjk.com,6
www.ttkdex.com,6
www.sojump.com,6
www.deppon.com,6
www.qudao.com,6
www.motie.com,6
www.espnstar.com.cn,6
www.shu.edu.cn,6
www.sjtu.edu.cn,6
www.cpdyj.com,6
www.quanjing.com,6
www.xfwed.com,6
www.huangye88.com,6
travel.sina.com.cn,6
www.wanfangdata.com.cn,6
www.fudan.edu.cn,6
www.ocj.com.cn,6
www.5211game.com,6
www.197c.com,6
www.qsxiaoshuo.com,6
www.78500.cn,6
www.hnair.com,6
www.55125.cn,6
www.newhua.com,6
www.9377.com,6
www.vgooo.com,6
www.8264.com,6
www.24pay.net,6
www.hd00.com,6
www.lvyou114.com,6
www.heiguang.com,6
www.foodmate.net,6
www.tingroom.com,6
www.ithome.com,6
www.cityhouse.cn,6
www.2cto.com,6
www.win7china.com,6
www.163disk.com,6
www.sdu.edu.cn,6
www.usashopcn.com,6
www.biqi.me,6
www.360kxr.com,6
www.djkk.com,6
tuan.qunar.com,6
www.ic98.com,6
www.007swz.com,6
www.loupan.com,6
www.5460.net,6
www.studa.net,6
www.fengone.com,6
www.zhuna.cn,6
t.58.com,6
www.lietou.com,6
www.fengniao.com,6
www.gome.com.cn,6
www.xemh.com,6
www.letyo.com,6
www.shangjia.cn,6
www.ebigear.com,6
www.miqi.cn,6
www.btv.org,6
www.alyisheng.com,6
www.china-sss.com,6
www.penshow.cn,6
www.kuaiwan.com,6
www.sephora.cn,6
www.liudatxt.com,6
www.du8.com,6
sports.youku.com,6
www.worlduc.com,6
www.js-lottery.com,6
www.trip8080.com,6
news.china.com.cn,6
www.meitu.com,6
www.taoxie.com,6
www.epweike.com,6
www.fancai.com,6
www.xdwan.com,6
www.b2b.cn,6
www.daodao.com,6
mail.tom.com,6
www.dichan.com,6
www.zhzyw.org,6
www.fenzhi.com,6
www.beianchaxun.net,6
www.yangtse.com,6
www.kafan.cn,6
www.xsjk.net,6
www.vooec.com,6
www.pharmnet.com.cn,6
www.becod.com,6
www.fjdh.com,6
www.eelly.com,6
www.csair.com,6
www.uc.cn,6
www.infzm.com,6
www.jobui.com,6
www.b2b168.com,6
www.cnlinfo.net,6
www.pptbz.com,6
www.jctrans.com,6
www.rouding.com,6
cn.made-in-china.com,6
www.flvcd.com,6
www.114piaowu.com,6
www.firefox.com.cn,6
www.1000tuan.com,6
www.putclub.com,6
www.kanshu.com,6
www.winxuan.com,6
www.ludashi.com,6
www.hljnews.cn,6
www.dv37.com,6
www.fobshanghai.com,6
www.banggo.com,6
www.boohee.com,6
www.1010jz.com,6
cartoon.tudou.com,6
www.homeinns.com,6
www.4008823823.com.cn,6
www.open.com.cn,6
www.guitarchina.com,6
www.uusee.com,6
www.travelsky.com,6
www.aoyou.com,6
www.cjol.com,6
www.8090kk.com,6
www.xxt.cn,6
www.zzzhu.net,6
www.drivergenius.com,6
www.tesoon.com,6
www.zjstv.com,6
www.bookuu.com,6
www.mizhe.com,6
www.cga.com.cn,6
www.51jiemeng.com,6
www.cersp.com,6
www.qjwm.com,6
www.27399.com,6
www.11dream.net,6
www.99wed.com,6
www.goodjobs.cn,6
www.win8china.com,6
www.sjxyx.com,6
www.hebnews.cn,6
www.hbsc.cn,6
www.hbrc.com,6
www.tingclass.net,6
www.ppsj.com.cn,6
www.zju.edu.cn,6
www.qianpin.com,6
www.huoche.com,6
www.cjcp.com.cn,6
www.pku.edu.cn,6
123.sogou.com,6
www.imgo.tv,6
www.go108.com.cn,6
www.xinyao.com.cn,6
www.cwddd.com,6
www.001jm.com,6
www.zfwlxt.com,6
www.nahuo.com,6
www.baiyou100.com,6
www.fzlol.com,6
www.114nba.com,6
xiuxiu.meitu.com,6
www.mobanwang.com,6
www.3987.com,6
www.letao.com,6
www.dqccc.com,6
www.sporttery.cn,6
www.7m.cn,6
www.qd8.com.cn,6
www.youth.cn,6
www.damai.cn,6
www.yeyou.com,6
www.jumpcn.com,6
www.fenlei168.com,6
www.263.net,6
www.lanrentuku.com,6
www.airchina.com.cn,6
www.aigou.com,6
www.xiachufang.com,6
www.rbc.cn,6
www.mz16.cn,6
mail.189.cn,6
www.lottery.gov.cn,6
www.beitaichufang.com,6
download.enet.com.cn,6
www.sgcc.com.cn,6
www.meiguoshenpo.com,6
www.fsjoy.com,6
www.51daifu.com,6
www.eachnet.com,6
tuan.2345.com,6
www.baicai.com,6
www.dooland.com,6
www.sfacg.com,6
www.zuoche.com,6
www.hunt007.com,6
www.52hxw.com,6
www.familydoctor.com.cn,6
astro.lady.qq.com,6
www.zhenai.com,6
www.mangocity.com,6
www.s1979.com,6
www.tenpay.com,6
news.21cn.com,6
www.diandian.com,7
www.cnblogs.com,7
www.tuita.com,7
www.xdf.cn,7
www.qingdaonews.com,7
www.hsw.cn,7
www.iqilu.com,7
www.zjol.com.cn,7
www.ccoo.cn,7
www.hangzhou.com.cn,7
www.mplife.com,7
www.sz.net.cn,7
www.enet.com.cn,7
www.mydrivers.com,7
www.lenovo.com.cn,7
www.pcbeta.com,7
www.6188.com,7
www.lawtime.cn,7
www.110.com,7
www.mogujie.com,7
www.xungou.com,7
www.woxihuan.com,7
www.51cto.com,7
www.knowsky.com,7
www.jb51.net,7
www.ea3w.com,7
www.pchouse.com.cn,7
www.meilele.com,7
www.chsi.com.cn,7
edu.sina.com.cn,7
www.eol.cn,7
www.exam8.com,7
www.zxxk.com,7
www.offcn.com,7
www.chinaacc.com,7
www.htexam.com,7
www.eduu.com,7
www.chazidian.com,7
www.kaoyan.com,7
www.5156edu.com,7
www.examw.com,7
www.med66.com,7
edu.21cn.com,7
www.aoshu.com,7
www.51edu.com,7
www.3edu.net,7
www.unjs.com,7
www.ce.cn,7
www.jrj.com.cn,7
www.stockstar.com,7
www.591hx.com,7
www.bankrate.com.cn,7
www.51credit.com,7
www.mbalib.com,7
www.huagu.com,7
www.kameng.com,7
www.tiexue.net,7
www.xilu.com,7
www.xici.net,7
www.21cn.com,7
www.huanqiu.com,7
www.eastday.com,7
www.tom.com,7
gb.cri.cn,7
www.xinmin.cn,7
www.91.com,7
www.chinanews.com,7
www.cnhubei.com,7
www.joy.cn,7
www.55bbs.com,7
www.rednet.cn,7
www.315che.com,7
www.voc.com.cn,7
www.coo8.com,7
www.yzz.cn,7
www.gougou.com,7
www.zaobao.com,7
www.cqnews.net,7
www.3dmgame.com,7
www.enorth.com.cn,7
www.dahe.cn,7
www.265g.com,7
www.ifensi.com,7
www.ddmap.com,7
www.131.com,7
www.replays.net,7
www.51buy.com,7
www.6eat.com,7
www.tangdou.com,7
iyaya.com,7
www.ci123.com,7
www.baobao88.com,7
www.wangxiao.cn,7
www.cheshi.com,7
www.xgo.com.cn,7
www.jxedt.com,7
www.qc188.com,7
www.kaixin001.com,7
www.dajie.com,7
t.163.com,7
www.artxun.com,7
tech.qq.com/science.htm,7
www.hiapk.com,7
www.weiphone.com,7
www.gfan.com,7
www.cnmo.com,7
www.dospy.com,7
digi.tech.qq.com,7
www.app111.com,7
www.d.cn,7
www.3533.com,7
www.apple.com.cn,7
www.meizu.com,7
www.139shop.com,7
www.paojiao.cn,7
www.shouji.com.cn,7
www.waptw.com,7
www.958shop.com,7
www.liqucn.com,7
www.shendu.com,7
www.sooyuu.com,7
www.abchina.com,7
www.boc.cn,7
www.ecitic.com,7
www.bankcomm.com,7
www.pingan.com,7
www.95599.cn,7
www.cmbc.com.cn,7
www.cebbank.com,7
www.cgbchina.com.cn,7
www.psbc.com,7
www.hzins.com,7
www.cardbaobao.com,7
www.wanmei.com,7
www.xoyo.com,7
www.battlenet.com.cn,7
www.cngba.com,7
www.2144.cn,7
www.tiancity.com,7
www.61.com,7
www.sgamer.com,7
www.37wan.com,7
www.doyo.cn,7
www.houdao.com,7
www.91danji.com,7
www.9u8u.com,7
www.3199.cn,7
www.yoka.com,7
www.rayli.com.cn,7
women.sohu.com,7
lady.163.com,7
yule.sohu.com,7
www.lady8844.com,7
www.haibao.cn,7
www.cocoren.com,7
www.qiushibaike.com,7
www.4738.com,7
ent.people.com.cn,7
www.faxingw.cn,7
www.7y7.com,7
www.pinshan.com,7
www.jokeji.cn,7
www.qqtn.com,7
www.51gxqm.com,7
www.lz13.cn,7
www.2liang.net,7
china.findlaw.cn,7
www.mofcom.gov.cn,7
www.66law.cn,7
www.9ask.cn,7
www.bjjtgl.gov.cn,7
www.57tuan.com,7
www.youbian.com,7
sc.chinaz.com,7
www.s.cn,7
www.sanguosha.com,7
www.zerodm.cn,7
news.cntv.cn,7
www.zhcw.com,7
www.12306.cn,7
www.douguo.com,7
www.huochepiao.com,7
www.yymp3.com,7
www.gezila.com,7
www.115.com,7
www.114la.com,7
www.2kk.cc,7
www.xigua110.com,7
www.babady.net,7
www.poco.cn,7
www.k366.com,7
www.luoqiu.com,7
www.bengou.com,7
www.51bi.com,7
www.ooopic.com,7
www.tao123.com,7
www.yto5.cn,7
book.qq.com,7
www.500wan.com,7
www.zuidijia.com,7
map.sogou.com,7
www.9tour.cn,7
www.okooo.com,7
www.21food.cn,7
www.amazon.cn,7
www.99.com.cn,7
www.huoche.net,7
www.99166.com,7
www.elong.com,7
www.mafengwo.cn,7
www.taofang.com,7
www.job1001.com,7
www.sf-express.com,7
www.3366.com,7
www.chachaba.com,7
www.0460.com,7
www.maigoo.com,7
v.ifeng.com,7
www.xs8.cn,7
www.zongheng.com,7
www.httpcn.com,7
www.buyiju.com,7
www.verycd.com,7
www.huoche.com.cn,7
www.01hr.com,7
hao.360.cn,7
www.lvmama.com,7
www.ddooo.com,7
www.cncrk.com,7
www.xixik.com,7
www.wed114.cn,7
www.7060.com,7
www.rrting.com,7
www.hunantv.com,7
www.haodou.com,7
www.zhubajie.com,7
www.ttmeishi.com,7
www.banzhu.com,7
www.ijinshan.com,7
www.nuomi.com,7
www.51zxw.net,7
www.ik123.com,7
www.chakd.com,7
sports.163.com,7
www.911cha.com,7
www.cnr.cn,7
www.tuan800.com,7
www.wbiao.cn,7
www.9553.com,7
www.59to.com,7
www.redocn.com,7
www.chinasspp.com,7
www.ruiwen.com,7
www.orsoon.com,7
www.yihaodian.com,7
www.aifang.com,7
www.city8.com,7
www.ebdoor.com,7
www.yododo.com,7
www.51yala.com,7
sports.sohu.com,7
book.sina.com.cn,7
www.cnki.net,7
www.vancl.com,7
www.lashou.com,7
www.booksky.org,7
www.55tuan.com,7
china.makepolo.com,7
china.nba.com,7
www.58.com.cn,7
www.mipang.com,7
www.law-lib.com,7
www.kuaibo.com,7
www.suning.com,7
www.tuniu.com,7
www.house365.com,7
www.jstv.com,7
www.1kkk.com,7
www.17u.cn,7
www.xxsy.net,7
www.17u.com,7
www.17u.net,7
www.cngr.cn,7
www.zto.cn,7
www.yundaex.com,7
www.tieyou.com,7
www.webmasterhome.cn,7
www.jiayuan.com,7
www.softonic.cn,7
www.16789.net,7
www.hxen.com,7
www.666ccc.com,7
www.gxnews.com.cn,7
www.vdisk.cn,7
www.58job.com.cn,7
www.fxxz.com,7
www.sanwen8.cn,7
www.dzwww.com,7
www.e23.cn,7
www.songtaste.com,7
www.edeng.cn,7
www.yanyue.cn,7
t.dianping.com,7
www.lvping.com,7
www.5nd.com,7
www.zolsky.com,7
www.fh21.com.cn,7
www.99fang.com,7
www.jdbbx.com,7
www.jumei.com,7
www.youdao.com,7
www.565656.com,7
comic.qq.com,7
fanyi.youdao.com,7
www.52tian.net,7
www.ankangwang.com,7
www.smarter.com.cn,7
www.kugou.com,7
lady.163.com/astro,7
www.126.com,7
www.vipshop.com,7
www.moonbasa.com,7
www.cc222.com,7
www.qjy168.com,7
mail.qq.com,7
www.55x.cn,7
www.wo99.com,7
www.qvod.com,7
www.ruan8.com,7
www.shuangtv.net,7
www.etao.com,7
www.gaotie.cn,7
114chn.com,7
www.chnxp.com.cn,7
www.yyets.com,7
www.3454.com,7
www.titan24.com,7
www.u17.com,7
www.fantong.com,7
www.ems.com.cn,7
www.uzzf.com,7
www.yy.com,7
www.o.cn,7
www.xdowns.com,7
www.77vcd.com,7
www.19lou.com,8
www.it168.com,8
www.yesky.com,8
www.pchome.net,8
www.pcpop.com,8
www.meilishuo.com,8
www.csdn.net,8
www.233.com,8
www.51test.net,8
www.diyifanwen.com,8
www.oh100.com,8
www.5ykj.com,8
www.hexun.com,8
www.eastmoney.com,8
www.cngold.org,8
www.tianya.cn,8
www.mop.com,8
www.people.com.cn,8
www.xinhuanet.com,8
www.cntv.cn,8
www.china.com,8
www.chinaz.com,8
www.shangdu.com,8
www.ali213.net,8
www.bendibao.com,8
www.pcbaby.com.cn,8
www.babytree.com,8
www.yaolan.com,8
www.autohome.com.cn,8
www.bitauto.com,8
www.xcar.com.cn,8
www.pcauto.com.cn,8
www.renren.com,8
qzone.qq.com,8
tech.sina.com.cn/discovery,8
www.xiaomi.com,8
www.3g3h.cn,8
www.cmbchina.com,8
www.ccb.com,8
www.icbc.com.cn,8
www.178.com,8
www.tgbus.com,8
www.52pk.com,8
www.uuu9.com,8
www.07073.com,8
www.5173.com,8
www.766.com,8
www.gamersky.com,8
www.5068.com,8
www.yxdown.com,8
www.wanyx.com,8
www.962.net,8
www.pclady.com.cn,8
www.gexing.com,8
www.qqjia.com,8
www.cncn.com,8
www.crsky.com,8
www.3lian.com,8
www.xiazaiba.com,8
www.8684.cn,8
news.163.com/history,8
www.aipai.com,8
www.yue365.com,8
www.120ask.com,8
www.tvmao.com,8
www.zhaopin.com,8
www.360.cn,8
sports.qq.com,8
www.5sing.com,8
www.mtime.com,8
www.china.com.cn,8
sports.sina.com.cn,8
www.hao123.com,8
www.ganji.com,8
www.sogou.com,8
www.focus.cn,8
www.letv.com,8
www.haodf.com,8
www.hongxiu.com,8
www.jjwxc.net,8
www.docin.com,8
www.funshion.com,8
www.skycn.com,8
www.yjbys.com,8
www.kuaidi100.com,8
www.aibang.com,8
www.meishichina.com,8
www.mapbar.com,8
www.egou.com,8
book.douban.com,8
www.baike.com,8
news.sohu.com,8
video.sina.com.cn,8
www.qunar.com,8
www.hc360.com,8
www.xywy.com,8
www.iciba.com,8
www.douxie.com,8
www.xinshipu.com,8
www.hupu.com,8
www.baixing.com,8
www.yingjiesheng.com,8
www.pps.tv,8
www.51job.com,8
www.2345.com,8
www.51.com,8
www.pptv.com,8
www.anjuke.com,8
www.hjenglish.com,8
www.dict.cn,8
www.meituan.com,8
www.cr173.com,8
www.pc6.com,8
www.cnki.com.cn,8
www.ip138.com,8
www.kiees.cn,8
www.paipai.com,8
www.xunlei.com,8
www.soufun.com,8
www.10010.com,8
www.ct10000.com,8
www.dangdang.com,8
www.17k.com,8
www.51rrkan.com,8
www.downxia.com,8
www.7k7k.com,8
www.yinyuetai.com,8
www.1ting.com,8
www.readnovel.com,8
www.meishij.net,8
www.onlinedown.net,8
www.ctrip.com,8
www.dianping.com,8
download.pchome.net,8
www.weather.com.cn,8
www.m1905.com,8
www.kuxun.cn,8
www.tvsou.com,8
china.alibaba.com,8
www.tmall.com,8
www.alipay.com,8
www.xiami.com,8
www.nipic.com,8
www.189.cn,8
iask.sina.com.cn,9
baike.soso.com,9
www.zol.com.cn,9
www.pconline.com.cn,9
www.qq.com,9
www.sina.com.cn,9
www.163.com,9
www.sohu.com,9
www.ifeng.com,9
www.weibo.com,9
t.qq.com,9
www.douban.com,9
www.duowan.com,9
www.pcgames.com.cn,9
www.4399.com,9
www.baidu.com,9
www.youku.com,9
www.360buy.com,9
www.58.com,9
www.ku6.com,9
www.56.com,9
movie.douban.com,9
tv.sohu.com,9
www.iqiyi.com,9
www.doc88.com,9
www.tudou.com,9
www.qidian.com,9
www.duote.com,9
www.soso.com,9
wenwen.soso.com,9
www.39.net,9
dl.pconline.com.cn,9
www.10086.cn,9
www.taobao.com,9
minisite2009.qq.com,0
www.wzsee.net,0
www.townck.com,0
data.autoprice.online.sh.cn,0
forex.amoney.com.cn,0
your.com,0
www.wper.com,0
autos.cn.yahoo.com,0
www.zmd5.com,0
roll.sohu.com,40
